id,username,password,email,nationality,birthDate
1,dangus0,eIyAYDWo,dhempel0@imageshack.us,China,1961-08-26T21:22:32Z
2,cguillotin1,XZgGtw,rfurby1@dedecms.com,Japan,1956-07-21T14:19:41Z
3,mbatrop2,wFVzlwrG,pedmons2@webnode.com,Russia,2005-07-18T15:03:04Z
4,hgemnett3,8uhAtIkzqH4,ktodarini3@harvard.edu,China,1940-10-13T12:35:05Z
5,vmeckiff4,rkby9fKNd,vcalton4@webmd.com,United States,2004-07-01T23:34:52Z
6,naronsohn5,odjZrZDj8Ix,lbiswell5@soup.io,Indonesia,2022-01-26T02:14:17Z
7,bcuddon6,zRbBjffF0jE,cbowld6@wikispaces.com,Russia,1987-10-10T18:38:20Z
8,rgowthrop7,cpK9EY,jbrecken7@sina.com.cn,Philippines,1938-06-11T00:58:02Z
9,mguiton8,iHZdw6iF,tfinker8@mediafire.com,Chile,2007-01-20T01:02:12Z
10,gdunge9,rtWBKuZh,cfurmenger9@flavors.me,Russia,1977-04-27T15:25:35Z
11,pmorisona,OiRBTJ,bpowdrella@facebook.com,Sweden,1965-02-16T09:28:14Z
12,bchecchetellib,VMHuLWp,mmccomishb@ycombinator.com,Indonesia,2004-11-03T03:09:23Z
13,ldonaldsonc,JGEVKjQM30,cspavonc@hugedomains.com,Vietnam,2020-09-11T22:17:33Z
14,jdictd,lr9CKEccL,ajobbingd@marriott.com,Philippines,2017-06-10T09:20:18Z
15,tswappe,C3z1et,hwolteringe@wired.com,Taiwan,1993-10-23T12:30:22Z
16,bnizardf,3WSwWVi,aescreetf@abc.net.au,Philippines,1948-10-03T01:19:21Z
17,dtuerg,xGtuaS,dwhewellg@edublogs.org,Argentina,1991-10-25T20:26:01Z
18,smathewh,IBPBwACFci6e,grichardeauh@cdbaby.com,Czech Republic,1925-07-21T07:36:16Z
19,lboolei,2pt7gT,rpaulleyi@tumblr.com,Ukraine,1924-03-08T03:11:35Z
20,byoodallj,o4FceaRTK,ljosskowitzj@gov.uk,China,2019-11-25T13:37:09Z
21,cchappelowk,PSu8s4,flanahank@sakura.ne.jp,China,1977-07-14T04:41:28Z
22,darnholtzl,37sawQWW,bluxonl@photobucket.com,China,1998-09-08T03:02:44Z
23,rlebrunm,3XUCkX7ESWV8,dgentschm@cafepress.com,Indonesia,1961-09-25T09:00:41Z
24,elaurentinn,lbjbGQTTa,dgooderhamn@weebly.com,Indonesia,1965-04-27T17:44:38Z
25,zbresmano,iSgi4lAQmnp,achampneyso@bizjournals.com,China,1995-05-10T18:49:39Z
26,ciskowerp,MO7zvi99XunB,acheersp@parallels.com,China,1952-04-21T14:50:13Z
27,zwiltshearq,VbP8sF,prenaultq@unesco.org,China,1927-04-19T21:05:51Z
28,cfrearsr,bv5cZb2,fpotter@google.de,Brazil,1935-05-25T11:41:02Z
29,mclubleys,Rk0F3Q9RkZyo,jcyphuss@cmu.edu,China,2016-10-24T02:15:47Z
30,estrowtherst,pQhv2zH,jvoglt@ox.ac.uk,Syria,2006-04-14T04:04:28Z
31,khuckfieldu,EhP4c26M,spettegreeu@skyrock.com,China,2014-02-13T10:12:35Z
32,pmarzellev,2PfSGy9,abroadwoodv@yandex.ru,Philippines,1961-05-08T16:20:35Z
33,afarndonw,FFUDh3,lwoodagew@twitter.com,Thailand,1947-07-03T12:00:05Z
34,bamberx,IK4oOmJGBMml,cimpyx@de.vu,Russia,1968-12-17T06:08:30Z
35,bgreedingy,6j8KvwXv,amethringhamy@army.mil,United States,1968-03-11T01:04:09Z
36,cbarnsz,ZaCiAMJ0a,lcanhamz@scribd.com,China,1962-09-11T23:01:35Z
37,pslingsby10,PfmgJcEr,teck10@netscape.com,Cameroon,1934-01-07T01:27:34Z
38,lmawdsley11,sjzVVC1cc,mstarmore11@nasa.gov,Russia,1979-04-24T14:08:22Z
39,ppleace12,HF5isU,eguinn12@ifeng.com,United States,1947-09-22T19:47:32Z
40,jstollmeier13,A4cvJB7MYQR8,pchesser13@w3.org,Reunion,2022-02-21T00:18:51Z
41,nsweetnam14,AqBpyA,mcornier14@fema.gov,China,1958-11-28T05:23:57Z
42,aroddell15,NEKtI5SF,wmasdin15@tumblr.com,China,1956-11-15T19:40:31Z
43,rhartness16,A7WcNGIj,ngerbl16@smh.com.au,Philippines,1993-12-06T15:00:47Z
44,wtrigwell17,J5EC4yMOFFru,dnew17@auda.org.au,China,1923-06-13T02:07:23Z
45,trosenstein18,1cLpSP,rdoldon18@ucoz.ru,Colombia,1931-03-27T02:50:40Z
46,mtiron19,OsUS59L9RD,gupjohn19@cdc.gov,Japan,1950-06-20T19:37:45Z
47,alillecrap1a,5Kz5MCEgrC,cstanbridge1a@scribd.com,Croatia,1937-09-16T11:02:32Z
48,ccrewe1b,ERGyjCRsla,plampe1b@ycombinator.com,Peru,1945-01-04T09:41:09Z
49,pjearum1c,5Xl9sTLfBRGL,cbullier1c@chicagotribune.com,Gambia,1974-06-23T02:53:52Z
50,btoal1d,3OcGpenBG,tlumbly1d@trellian.com,Japan,1970-07-04T09:31:19Z
51,cletterese1e,b02EFA8VMDuu,mscoyne1e@mayoclinic.com,United States,2013-09-25T19:17:18Z
52,kquayle1f,4SRBMl,tcastellino1f@blinklist.com,Brazil,1974-05-03T11:23:14Z
53,sdeehan1g,MPz2Ck4p,mwoehler1g@imdb.com,China,1969-02-04T15:12:59Z
54,gheskin1h,4fP6kgNQkww,cweek1h@ovh.net,Indonesia,2005-05-08T09:25:29Z
55,mgarrit1i,WAtoQ7fuk0,aholberry1i@wisc.edu,Philippines,1969-08-07T14:51:56Z
56,rhadaway1j,j4SYiSzYGY1v,lkezor1j@sakura.ne.jp,Mexico,1987-08-27T05:31:47Z
57,mbarnsdall1k,8C2lPrntaH,fstobbes1k@amazonaws.com,Indonesia,1944-08-03T16:14:09Z
58,lduley1l,QSZ2oabWZf,ascarsbrooke1l@cnet.com,France,1969-07-02T07:59:32Z
59,jskeemor1m,R5fsq1nI,tolyunin1m@slate.com,Bulgaria,1933-03-07T23:23:38Z
60,klangham1n,yTPQ1Lmro,cchampkins1n@google.pl,Philippines,1933-04-24T09:23:15Z
61,cgeeson1o,JDz88eIOMQ,asired1o@marriott.com,France,1947-05-16T02:42:57Z
62,jlipscomb1p,O6jhOwrEkX,mcavozzi1p@addthis.com,China,1984-08-10T14:36:53Z
63,vsecretan1q,iFThz6bj,dchampley1q@pen.io,China,1954-02-24T09:55:20Z
64,cstorrah1r,LUzhb2asnWNn,mdumelow1r@dailymail.co.uk,Argentina,1988-09-24T11:29:50Z
65,kshickle1s,Ryb42DkwH,mbrendish1s@geocities.com,Sri Lanka,1964-06-14T22:09:57Z
66,egiriardelli1t,SZOQIY5,bpettyfer1t@pagesperso-orange.fr,Albania,1991-02-10T22:18:00Z
67,jlaytham1u,l8uDtXk,gkingstne1u@chron.com,Poland,1958-12-18T20:55:07Z
68,cshurmore1v,hWpKKZW,bdurtnal1v@mac.com,Czech Republic,1958-03-22T18:16:42Z
69,llongforth1w,BGMCVQHPu61O,dwakes1w@storify.com,Colombia,2001-02-14T17:03:01Z
70,bbehr1x,elU5N7OAF,gcockrem1x@hhs.gov,China,1939-12-24T15:45:14Z
71,kfencott1y,TYNLlxEWaY,dpollack1y@rakuten.co.jp,Indonesia,1957-03-06T07:46:33Z
72,tmumbey1z,TNKNsOY,cberzins1z@fda.gov,Nigeria,1996-07-29T05:56:22Z
73,rwhal20,Mrr8MCL,vlast20@oracle.com,Bangladesh,1923-10-11T23:17:55Z
74,rcaine21,P3TWTxitkQjo,abiddulph21@home.pl,Indonesia,1966-08-24T03:38:32Z
75,thawford22,jKEJ1k39g2,rdolligon22@dell.com,China,1929-07-26T16:11:07Z
76,bdowrey23,TJsP3buwxo,dmaypowder23@huffingtonpost.com,China,1987-11-26T04:56:38Z
77,sbinny24,Fo07RdJ,fodhams24@ustream.tv,Colombia,1997-02-04T04:30:20Z
78,hfolini25,xyDrXT9WfRQE,aszach25@un.org,France,2011-01-14T22:30:52Z
79,lrichfield26,tBKBOqJGZxD,rtrenoweth26@google.co.jp,Philippines,1971-07-29T04:37:36Z
80,mtrusse27,LYFvW7j,tdoohey27@nih.gov,Yemen,2001-01-10T08:21:28Z
81,cbrahan28,9MANy5Q,acarlozzi28@furl.net,Brazil,1961-11-28T17:14:16Z
82,cmeakes29,QzyZeHmZpCt,hdeevey29@com.com,Indonesia,1928-11-05T03:57:28Z
83,thardingham2a,GSvLESFDmrb,adogg2a@wufoo.com,Israel,1968-07-13T16:41:20Z
84,bibberson2b,Exk5LU47,bspittal2b@nyu.edu,Brazil,2002-02-04T04:44:33Z
85,iitzkowicz2c,a7TNn6,kjanks2c@jugem.jp,Brazil,1945-11-25T11:09:05Z
86,ddemead2d,RWFzUD,ggerwood2d@shutterfly.com,Ukraine,1953-08-21T15:05:29Z
87,lshrubshall2e,NkBlB8S,aperrone2e@sohu.com,Canada,1965-01-26T11:25:47Z
88,mstobbie2f,JOJDxh,lposer2f@nba.com,Portugal,1977-06-04T19:00:10Z
89,aambage2g,Ry0yFdA7I,akarpmann2g@howstuffworks.com,Egypt,1969-05-04T18:01:49Z
90,egrammer2h,vyjbHGeS,msnassell2h@netscape.com,China,1975-02-16T00:55:31Z
91,nbitcheno2i,W0bzWNNx,csliney2i@scientificamerican.com,Czech Republic,1944-09-11T05:10:48Z
92,bjeves2j,y70uc5fc,fknibbs2j@accuweather.com,Latvia,1939-11-29T19:49:29Z
93,ccejka2k,suIkzZK3vX,mericsson2k@mozilla.com,Syria,1930-03-19T09:45:22Z
94,ddukes2l,keiK5m,athornbarrow2l@reuters.com,Vietnam,1939-02-27T20:27:54Z
95,egiovanetti2m,tCcRoX,amcqueen2m@photobucket.com,Sweden,1951-11-17T06:43:06Z
96,ffearneley2n,kDWvuNh,tfairrie2n@vk.com,China,2021-11-08T10:42:31Z
97,tmustoe2o,boum2SX,ecollumbine2o@washingtonpost.com,Russia,1926-08-24T19:44:17Z
98,ldelieu2p,VjGogBypUtNp,kshackel2p@example.com,Comoros,1976-06-09T17:04:32Z
99,gcruikshank2q,AFXzeubP2q7g,wsnazle2q@github.com,China,1998-01-25T08:06:59Z
100,myewman2r,UO8qS1Mq5,mgrew2r@smh.com.au,Syria,1985-11-23T04:06:54Z
101,dhalton2s,3i2yPqNj,pmuddicliffe2s@chronoengine.com,Indonesia,1934-08-28T04:16:25Z
102,lstudman2t,o8S587o2I4,smaccaghan2t@is.gd,France,1933-02-25T05:34:54Z
103,holivetta2u,4NzY58vNE,kwhittington2u@bbc.co.uk,Mexico,1985-11-02T11:02:36Z
104,ymosedill2v,JcBGiqMJT0,krobbert2v@jalbum.net,Palestinian Territory,1929-06-13T09:04:17Z
105,bvondrasek2w,qBzyoF0,alynch2w@timesonline.co.uk,China,1977-04-17T11:57:18Z
106,alacroix2x,fXQPiC0,fraffan2x@tumblr.com,Yemen,2021-10-22T08:13:12Z
107,vscraggs2y,ayhTtzzwtrYO,bortmann2y@jiathis.com,China,1945-03-26T04:50:18Z
108,jmaccombe2z,XVSwedQBMq,bbosse2z@sakura.ne.jp,Jamaica,1926-04-09T13:04:30Z
109,zsoutherton30,NKRe10HVMRgJ,glaffan30@goodreads.com,Indonesia,1984-08-28T02:36:00Z
110,kmcchruiter31,3DUkz3XWLRuK,pedwicke31@360.cn,Sweden,1965-07-25T17:25:46Z
111,oyarnton32,JGlItciT5,kklulik32@kickstarter.com,Brazil,1995-03-15T05:33:22Z
112,scopelli33,4jbXi4ejS,dcount33@webeden.co.uk,Syria,1967-03-01T00:43:21Z
113,ttumielli34,BXA9I7xSfP,olindermann34@tmall.com,China,1959-09-14T01:27:08Z
114,fmulqueeny35,RfootpbEUsv,cbernardon35@canalblog.com,Mexico,2022-03-01T01:22:58Z
115,jtretter36,MmKNYmuMnf,kmulvihill36@phoca.cz,United States,1931-10-04T04:36:54Z
116,nrattray37,DGGmWbzHnl,jadanez37@yahoo.com,Vietnam,1922-08-21T05:35:20Z
117,kpoynzer38,toAhBvG,gderkes38@123-reg.co.uk,China,2000-08-14T23:03:01Z
118,qolsson39,HgQ7qkbB,bstreeton39@paginegialle.it,Thailand,1973-12-31T15:27:16Z
119,tblunkett3a,u45g9lw8vg10,hnuzzi3a@stumbleupon.com,Cuba,1963-08-08T18:30:41Z
120,xrubinowitch3b,4gVJFzt3Tsw,wgrewe3b@sourceforge.net,Czech Republic,2012-03-28T21:04:27Z
121,kdrable3c,H8VuN2BnQ,svane3c@alibaba.com,South Africa,1982-04-15T16:00:34Z
122,wgunston3d,emfIFIGhXr,rsweeny3d@unc.edu,Poland,2003-11-16T22:08:25Z
123,vkelsow3e,RjDKBvbY9t2,hbolgar3e@wordpress.org,Zimbabwe,1979-05-12T22:17:33Z
124,hgallahar3f,rx2e3U7jDoqU,flundbeck3f@amazon.co.uk,China,2014-08-27T16:42:01Z
125,rblissitt3g,xJv8nwpcI,neefting3g@hugedomains.com,South Africa,1950-11-01T12:07:05Z
126,mmagnar3h,N3y2lOFb9,fkorneev3h@sohu.com,Venezuela,2010-07-27T18:09:29Z
127,rhowitt3i,f9KhIBq1zV,dgallahar3i@youku.com,Argentina,1955-09-07T17:19:10Z
128,cgarrow3j,xxH3jHDGNm,vcrockford3j@ezinearticles.com,Russia,1923-05-14T05:21:37Z
129,dchasen3k,HyuwAcp,spetrishchev3k@ucla.edu,Guatemala,1959-02-22T12:06:00Z
130,rkillich3l,mCKkGE,alevison3l@ucsd.edu,Indonesia,1975-11-20T05:44:27Z
131,esallier3m,gyC2OKqy0VQ,rtonks3m@storify.com,Germany,2018-12-31T17:13:56Z
132,bdutnall3n,ONIZmr,hzold3n@house.gov,Indonesia,2005-04-13T04:41:27Z
133,fbeckwith3o,sk8j15pX,bdallon3o@weebly.com,China,1997-12-25T09:39:14Z
134,nnotley3p,d7AceT,rologan3p@aol.com,France,1986-12-14T06:57:43Z
135,kikin3q,NaoH9rJx,wacres3q@guardian.co.uk,Indonesia,1959-11-18T16:28:57Z
136,ebutterworth3r,yoghZGwwLkdV,dteasell3r@salon.com,Cyprus,1932-08-09T05:22:51Z
137,mlatchford3s,wEofW2J6Aq,clippiello3s@bloglines.com,Czech Republic,1970-09-02T21:51:32Z
138,cgoodee3t,qyaYTJkI,tpretsel3t@chronoengine.com,China,1922-11-28T05:24:42Z
139,rmclugaish3u,1svsqU,bjarmyn3u@4shared.com,China,1950-09-05T01:37:35Z
140,amellanby3v,qn2t3hAMZAf,msummerskill3v@examiner.com,Hungary,2000-07-09T00:14:45Z
141,kstormes3w,VGSQaT,wcowins3w@desdev.cn,Democratic Republic of the Congo,1983-12-12T07:54:22Z
142,vfee3x,hlBoendH,ltitheridge3x@examiner.com,Brazil,1941-06-02T03:37:15Z
143,wwhittam3y,2q4axsA,ggrimestone3y@cafepress.com,Thailand,2014-01-25T18:42:18Z
144,dgutowski3z,EjBLulbp,fcrompton3z@japanpost.jp,Ecuador,1953-08-19T20:54:48Z
145,ehathorn40,J0h1aF2iVs,fsteinor40@squarespace.com,Thailand,1969-06-12T04:11:49Z
146,tcaret41,KqwwcQSlTah,ldmytryk41@flavors.me,Russia,1991-08-11T04:46:00Z
147,rscarratt42,2VROkTV1eB4,gpeirson42@jiathis.com,Indonesia,1935-10-02T12:14:57Z
148,ssimcox43,6PFTdTRKN6,imereweather43@ucoz.ru,Canada,1953-03-26T15:08:32Z
149,cbatte44,gpooS2a5FqqZ,ehelstrom44@arizona.edu,Hungary,2010-07-21T20:57:22Z
150,htrusslove45,ERQmQE35a1G,talyukin45@webeden.co.uk,Yemen,1939-11-22T20:05:44Z
151,fmcgibbon46,ceLUO6j2P,hmalpass46@stanford.edu,Philippines,1937-09-03T17:22:44Z
152,cmcmanus47,h6AB2l,lkennerknecht47@amazon.de,Russia,1967-10-13T10:34:27Z
153,skenward48,6GDuLhLeC,bschuchmacher48@discuz.net,France,1992-06-10T19:25:25Z
154,cmcaulay49,7T9n6Mf,rdoig49@drupal.org,Czech Republic,1936-01-21T06:06:34Z
155,wpietron4a,tWyQuPB8,bwhitland4a@weebly.com,China,2006-12-23T20:02:08Z
156,sivashchenko4b,EQeQQgBQ3pbh,iclingan4b@washington.edu,Mongolia,1978-04-01T11:57:25Z
157,daldin4c,z5HJzXG,vnewlan4c@sciencedaily.com,Russia,1925-09-20T03:31:55Z
158,llettington4d,wRO29CrFdnv,hblackden4d@forbes.com,Pakistan,1974-09-11T18:25:48Z
159,blindwasser4e,UdQNVbMN,mdonn4e@netscape.com,United States,1959-06-14T04:50:20Z
160,sbullent4f,CgNdfqE,cdurban4f@cisco.com,China,1975-02-28T19:27:23Z
161,cgarn4g,gBkBLSN,lrickert4g@goo.ne.jp,Indonesia,1945-11-14T03:19:03Z
162,hchatin4h,SaSmBZF,pgrave4h@fema.gov,Sweden,2005-03-10T09:38:27Z
163,rmoryson4i,5lV0VpBTY,fmckendo4i@sun.com,Afghanistan,1983-06-23T20:09:18Z
164,echiese4j,e7pMWQdS,kbaldi4j@whitehouse.gov,Philippines,1943-01-29T14:35:51Z
165,tvinton4k,KiK1IuiL,lleathard4k@disqus.com,Tanzania,1999-04-13T13:41:48Z
166,apaulsson4l,fAr9CT,gmatzel4l@prnewswire.com,China,1944-10-24T15:50:13Z
167,kromero4m,ya8ljIcn5,jjiranek4m@dmoz.org,China,1991-11-04T23:39:06Z
168,mheyball4n,Vb4lgbLiA,ospeirs4n@simplemachines.org,Indonesia,1944-10-16T06:40:03Z
169,aiskowitz4o,RuOvcyQh,acorah4o@ft.com,Ukraine,1967-08-11T11:02:58Z
170,ojardein4p,cra0mHGozmd,fheffy4p@usa.gov,Indonesia,2004-01-19T03:30:47Z
171,growling4q,CYP8QosQ,lcomfort4q@example.com,France,2012-02-20T18:10:53Z
172,tdulen4r,TZcehKL5,hpetch4r@illinois.edu,Japan,1997-02-28T04:46:27Z
173,ewarton4s,9pnS5vk,tstearn4s@eepurl.com,China,1943-12-23T13:10:16Z
174,gnaisey4t,K29rgNzG,cbirrell4t@blogs.com,Bosnia and Herzegovina,1966-08-01T03:35:33Z
175,lsavaage4u,lGwq5MliH,tglenn4u@disqus.com,Macedonia,1990-02-02T04:14:13Z
176,mbobasch4v,Bj9nKmCb,hbenza4v@usnews.com,Indonesia,1994-12-21T21:16:53Z
177,npetri4w,7YPBbaW8mGIz,bkrzyzanowski4w@house.gov,Portugal,1988-12-02T20:06:12Z
178,cwyles4x,kklN6nbB,dlowder4x@infoseek.co.jp,Lebanon,2020-06-05T16:48:00Z
179,eschwartz4y,iM2PyPUQw,hkalaher4y@jiathis.com,Nigeria,2006-01-16T02:52:56Z
180,mbenditt4z,QANYlr,cscirman4z@yellowbook.com,Poland,1993-10-10T20:03:07Z
181,kantonowicz50,CX8WeEE3K,fblewett50@nationalgeographic.com,Kuwait,1987-09-08T07:18:40Z
182,pchevalier51,drG1616hF,bdiem51@google.cn,Brazil,1957-10-26T17:42:44Z
183,ncrocker52,NZvDioy3G2J,ahammerich52@i2i.jp,Argentina,2014-07-06T16:33:10Z
184,creinger53,uWfoy1kz,nkuller53@fema.gov,Russia,1963-05-15T10:22:15Z
185,craithmill54,Bl0X8gKKe26,cvanichkin54@t.co,China,2018-07-22T16:30:31Z
186,nmadelin55,h7eh3NMg,rdunderdale55@cornell.edu,Mauritius,1933-12-06T00:57:45Z
187,kperford56,oTT4r1v,kgalgey56@yolasite.com,Indonesia,2013-11-29T14:58:13Z
188,rjankovsky57,TlZnWOQ7DBXE,ballden57@fema.gov,Ukraine,2000-12-21T20:47:23Z
189,ggercken58,wcH6SStTO,gdrowsfield58@slideshare.net,United States,2022-09-22T15:37:55Z
190,cramshaw59,6A1HH3,flongstaff59@skype.com,Indonesia,2021-10-21T08:24:10Z
191,pdyet5a,jq3SvnRmo,mschiefersten5a@nasa.gov,Russia,1998-10-16T23:16:03Z
192,xcalley5b,tlA5uiODI,emee5b@tamu.edu,Indonesia,1930-07-08T15:19:21Z
193,wlabb5c,9Ar9Uc,ngalpin5c@about.com,Poland,1968-03-09T05:47:29Z
194,rcarragher5d,t6vNJV,cjosovitz5d@answers.com,Indonesia,1994-06-06T08:57:54Z
195,amochar5e,fGt6UP,gpitway5e@lulu.com,Morocco,1960-05-22T17:49:00Z
196,mfilippi5f,3tZRSXWZdw2,kdewan5f@wikipedia.org,Thailand,1934-09-16T20:59:17Z
197,dwoollin5g,V5tIZI,plightoller5g@hhs.gov,Indonesia,1937-06-08T00:11:11Z
198,tjaukovic5h,12nFyym0kA,dhargess5h@4shared.com,France,1943-07-18T21:52:41Z
199,nnoquet5i,lfAH9mfS,whickford5i@privacy.gov.au,China,1971-05-12T07:24:36Z
200,gblood5j,3tEHAzHy5G,alantaph5j@telegraph.co.uk,China,1961-12-17T23:44:47Z
201,sdurnell5k,r5pWv2Nso9a,hjedrzaszkiewicz5k@cafepress.com,Brazil,1964-04-14T09:24:57Z
202,grableau5l,Z60gbJGQLx1A,scarberry5l@icq.com,China,1939-10-04T05:29:55Z
203,wbratt5m,dNxDHP,diacovuzzi5m@scientificamerican.com,Brazil,1960-05-29T15:53:16Z
204,cmassenhove5n,oDoCxW3caD,nbramhill5n@theglobeandmail.com,Finland,1957-12-15T16:54:44Z
205,blemm5o,063uJ0aL,aburdekin5o@xinhuanet.com,Macedonia,2003-03-04T00:02:50Z
206,kcurner5p,hwTsMeO,jduberry5p@home.pl,Indonesia,1967-07-07T14:19:17Z
207,jsealey5q,DLPYj23,satyeo5q@flavors.me,Russia,1980-09-05T01:44:54Z
208,adorman5r,VyDULuxYrcK,aingall5r@aboutads.info,Vietnam,1965-08-27T07:14:53Z
209,sechalie5s,X7FNUc0,ibenn5s@amazon.co.jp,Brazil,1927-06-01T05:43:43Z
210,mclementson5t,mUDoRu6iA,hbruckshaw5t@sun.com,Russia,1957-10-30T07:25:23Z
211,cgradley5u,rN6O91iXvWHa,meltone5u@mlb.com,China,1965-10-13T00:13:10Z
212,mjillis5v,JAEMpdwns,mdudden5v@nasa.gov,Finland,1944-08-26T23:29:31Z
213,afetherstonhaugh5w,ZGJR5LGsg,svina5w@msn.com,Uganda,2008-06-12T15:06:49Z
214,scakes5x,bZQ6J1,edurran5x@auda.org.au,Palestinian Territory,1951-04-23T00:49:08Z
215,fstroder5y,BMGSpA,mkingwell5y@nhs.uk,Iran,1967-05-01T00:58:41Z
216,sbeardsworth5z,QRwPnS,bsilbersak5z@tiny.cc,Mexico,2013-01-07T09:50:04Z
217,dsweeten60,XCQDpdCML6,spurvis60@constantcontact.com,Thailand,1952-09-05T10:53:30Z
218,wstranio61,2GcPvgPfkx,dlagde61@whitehouse.gov,China,2008-08-18T12:36:42Z
219,rkenen62,3NJfo95Ggdh,lcanti62@berkeley.edu,Peru,1995-12-05T07:38:24Z
220,kklimp63,9HWUib,jorcas63@pagesperso-orange.fr,China,1976-03-29T06:01:04Z
221,dkoba64,IBqQvVzFWoR,ctrayford64@reverbnation.com,Russia,1974-06-23T07:50:24Z
222,braw65,EpyWqLi,vsurcomb65@usgs.gov,Canada,1929-09-24T15:47:13Z
223,dblesdill66,QLYrkEY,smcgee66@unicef.org,Japan,1989-09-08T08:32:54Z
224,spennycord67,MhxnBWHieRt,meckersley67@goo.gl,Russia,1957-08-04T06:28:02Z
225,ldouble68,iZAAk5a8OAr,tleverette68@wikimedia.org,Brazil,1993-10-08T23:46:53Z
226,rtitt69,hWAhaJ3pVTH,sepiscopio69@youtube.com,Belarus,1970-04-28T14:15:04Z
227,drowes6a,GBP0UV36,cmarkova6a@disqus.com,France,1940-02-13T04:30:46Z
228,gfelstead6b,u2K39ZINtN8,jbroz6b@ucla.edu,France,1976-01-15T10:06:30Z
229,agwynn6c,ubZP6ky,treboul6c@loc.gov,Brazil,1958-05-27T22:20:45Z
230,macheson6d,IRVdHoqxPN,wmaccallion6d@behance.net,China,1946-03-07T11:02:41Z
231,skrishtopaittis6e,Vq7ZQdwsMhy,fhaseldine6e@hubpages.com,Indonesia,1964-10-17T19:13:39Z
232,cfarndon6f,AlnyLYc,hmarfield6f@tiny.cc,China,1970-11-03T12:25:45Z
233,nlauxmann6g,A7oDfA6ic,screws6g@qq.com,Iraq,1948-08-16T01:04:06Z
234,skidds6h,RhcBZ0xP,cloveland6h@posterous.com,Indonesia,2020-02-06T12:46:57Z
235,aspeenden6i,qRK4KjGZy9q,wofarrell6i@list-manage.com,Greece,1980-04-05T05:23:29Z
236,brylands6j,LrqxEcsXvtP,afeaveer6j@rakuten.co.jp,Japan,1989-03-04T17:45:47Z
237,kbraikenridge6k,V9XN3n,mseal6k@meetup.com,China,1990-11-27T03:51:40Z
238,hloughman6l,w46kKwqKw,nrobertshaw6l@amazon.co.uk,China,2002-07-13T11:34:04Z
239,reastment6m,3RwWT2tY,pthunders6m@stumbleupon.com,Indonesia,1960-05-15T12:01:47Z
240,kramel6n,C728Aq5JUUr,mbrown6n@ning.com,Mexico,1991-01-13T14:07:54Z
241,ipigott6o,lSILAEj,kranaghan6o@virginia.edu,China,1943-06-22T09:13:21Z
242,atommis6p,znrEh2Yo,rjellman6p@domainmarket.com,Philippines,1937-05-01T10:10:40Z
243,kmanueli6q,wKLILD7,eglanville6q@issuu.com,North Korea,1965-03-26T17:22:20Z
244,qboone6r,Ng9Dvkqmqv,rmclardie6r@jigsy.com,South Africa,1995-06-27T10:56:54Z
245,cboothby6s,ex0VmGxoc,rwestell6s@liveinternet.ru,France,1998-07-09T22:35:54Z
246,jdorcey6t,jRfFjSioD,ewarwick6t@bigcartel.com,China,1956-09-07T07:17:00Z
247,alemery6u,4YyzQsG9va,prosenhaus6u@microsoft.com,Mexico,1995-01-28T14:02:29Z
248,abaress6v,9llDf1fKi6r,tmulbry6v@disqus.com,Ireland,2008-09-17T09:41:29Z
249,cmcgraith6w,u8H6KiVQ,wmcclean6w@walmart.com,Madagascar,1941-05-30T19:11:10Z
250,jbonus6x,1cfZYHafOnPg,pkubista6x@irs.gov,Indonesia,1967-12-29T17:46:16Z
251,mrowden6y,eKAySpy8Rk,kgrishmanov6y@example.com,Philippines,1977-11-22T21:04:08Z
252,mgiacomo6z,44ohFdZJD,cabercrombie6z@addthis.com,Russia,2015-12-28T02:21:57Z
253,smarris70,lOUC9K,gharnor70@comcast.net,Peru,2020-11-27T16:40:16Z
254,vdraper71,uegf5QtfHI3,shegarty71@msn.com,Kyrgyzstan,1955-07-18T08:47:23Z
255,lcicchitello72,dOSi0Lh69gH,lpinor72@elegantthemes.com,France,1983-07-26T10:09:56Z
256,fcastillo73,6QclfkbEUou,cmcharry73@unc.edu,Japan,1984-04-20T22:06:33Z
257,kwalasik74,tEbAZ6NOdAK,cboriston74@discovery.com,Japan,1993-08-18T04:35:16Z
258,ldenzilow75,zi4Oxz,awebber75@msn.com,Philippines,2013-10-30T21:00:26Z
259,btomsen76,SNfnQbR,erobbeke76@fda.gov,Chile,1982-08-04T22:15:05Z
260,aeccott77,1Rc85ZA5,scowl77@blogtalkradio.com,Thailand,1998-04-12T22:36:15Z
261,ndawks78,0EbX4wwcqE,bpavlasek78@thetimes.co.uk,Brazil,2021-06-22T12:41:41Z
262,tdoodney79,l3TveVIE7Oqx,hfinlay79@yahoo.co.jp,Poland,1940-12-10T21:30:45Z
263,cnoni7a,la2v1BMYzN,dsimmons7a@prlog.org,Philippines,2017-04-20T19:22:41Z
264,risselee7b,RDzBHuhAXc,smersey7b@live.com,El Salvador,2021-04-13T07:51:36Z
265,arivel7c,fm446t2I,mstonhard7c@ox.ac.uk,Russia,1960-11-14T14:06:32Z
266,mcovill7d,sTv0dSgc,emaccoughan7d@tinypic.com,Indonesia,1938-09-07T19:47:33Z
267,jcoultous7e,wJ1KC5VIk,llauxmann7e@lulu.com,Brazil,1966-03-31T04:02:32Z
268,treally7f,groAfWKaGS,eanneslie7f@mit.edu,Curacao,2010-12-27T15:16:30Z
269,bmulcaster7g,14SpxLm,cjohantges7g@webmd.com,Colombia,1923-08-26T18:25:25Z
270,mellershaw7h,1Lo7pUqg8dM,ashakesbye7h@wikispaces.com,Vietnam,1932-08-29T17:09:57Z
271,bfrenchum7i,1pTwZsA,kaiskovitch7i@ameblo.jp,United States,2006-04-09T07:33:02Z
272,pstiller7j,7dwmTVfp5m,cdrury7j@wiley.com,Greece,2018-07-08T07:01:34Z
273,msurgey7k,dy47W9zkXgUj,kwoodrow7k@sciencedaily.com,Indonesia,1972-03-16T16:35:32Z
274,gtytherton7l,zPbgfE,lneller7l@behance.net,China,1977-08-18T09:11:59Z
275,mbalden7m,FxwRi7wI,cskeermor7m@nytimes.com,Canada,1957-09-29T17:55:07Z
276,aforbear7n,8LdrLuxL,mstainer7n@wp.com,Peru,1939-12-02T11:13:02Z
277,hevered7o,CdjM5Ri,rrattenberie7o@icq.com,United States,1971-09-25T20:34:54Z
278,ccaldera7p,pjOCFG,ctrewhitt7p@nyu.edu,Indonesia,1990-02-05T19:07:28Z
279,sjarvis7q,lfFFHzXXQsYU,owozencroft7q@liveinternet.ru,Thailand,1986-06-14T17:19:36Z
280,kroyl7r,ccMMabc1sRv,mclere7r@github.com,Indonesia,1967-04-03T07:59:50Z
281,aenric7s,cGQUhz,rnunesnabarro7s@sakura.ne.jp,Philippines,1922-11-19T10:11:00Z
282,mcarlyle7t,v8nr7Q98J,snockolds7t@reference.com,China,2002-01-01T07:42:57Z
283,bcookson7u,gxJbKv2ju3,smickleburgh7u@wordpress.org,Albania,1947-05-08T12:20:35Z
284,reliesco7v,GxJ96fU5jiV,apencot7v@google.de,China,1998-04-10T02:10:50Z
285,tlamey7w,iF3s5dF,smattersley7w@mayoclinic.com,China,1947-01-06T23:26:59Z
286,cmewett7x,ymvclG639h,mrosle7x@alibaba.com,Ukraine,2006-08-17T20:04:46Z
287,lclemmen7y,3K37aUKTjGc,kklimkowski7y@scientificamerican.com,Indonesia,1996-05-25T04:54:11Z
288,kvautrey7z,tXp7Lk1im,hgleadhall7z@shutterfly.com,Luxembourg,1942-10-20T15:07:31Z
289,hteggart80,elh2uxCw2ASS,bsoppitt80@example.com,Comoros,1931-11-09T00:44:12Z
290,fmcgahy81,scGGvg9u,cdonald81@is.gd,Mexico,1997-06-21T11:00:21Z
291,adaws82,5htYif9z,mhorrod82@freewebs.com,China,1959-08-18T09:36:21Z
292,mprendeville83,xT95xkbBeB,lmatticci83@people.com.cn,Sweden,1935-09-27T16:43:14Z
293,cconneau84,bGE7QxQ00,slegallo84@tripadvisor.com,China,1955-01-25T01:50:30Z
294,bhuske85,DAQvRCHtVtOq,tdudny85@apache.org,China,1927-10-06T09:11:24Z
295,jloxly86,BCmE9qFfXY,eboynes86@about.com,Peru,2021-07-01T00:45:46Z
296,bhartford87,YRFdAKsjdk,groscamp87@state.tx.us,Niger,1998-09-06T00:06:28Z
297,ptrahar88,oxFrg6En9,swellman88@tinypic.com,Philippines,1926-04-18T21:45:30Z
298,jmillership89,kBdg8hSToA,keshelby89@mail.ru,Japan,1992-10-11T16:44:30Z
299,aewles8a,CnRnodylOMmk,hcaras8a@archive.org,Poland,1966-05-07T17:23:09Z
300,ttann8b,I9ASZiTmTbg,acosgrove8b@opensource.org,Philippines,1999-03-08T12:00:32Z
301,cgartan8c,y3eRgx,mcapnor8c@php.net,Philippines,1928-05-31T21:50:21Z
302,gskeen8d,SJBVU6d9Oan,vshoute8d@ft.com,Peru,1927-11-23T17:43:54Z
303,dbangle8e,qR57WoWg,acarrigan8e@jimdo.com,Peru,1955-11-29T16:57:18Z
304,cchristy8f,DQbUBGVej,ssmiley8f@paypal.com,Japan,1926-11-04T10:39:48Z
305,mlackey8g,qdQTou,nmungan8g@list-manage.com,Brazil,1984-05-10T09:44:08Z
306,rthornally8h,7P3JPioacmtG,scouzens8h@baidu.com,Philippines,1951-09-17T05:13:19Z
307,jmaccoll8i,uSwd8xknAlH,ajiggins8i@sciencedaily.com,Germany,1935-06-05T02:21:30Z
308,fpessler8j,wzZ29wv,utrayte8j@elpais.com,Tunisia,1996-07-21T21:04:51Z
309,amalpas8k,72FPsgEXT1,bkedie8k@geocities.com,China,1938-08-17T13:40:22Z
310,epeppard8l,W5X2ZJSATkGs,jcrosfeld8l@e-recht24.de,Iran,1934-05-10T03:38:39Z
311,kribbon8m,ldoBBl8Y,vjerram8m@csmonitor.com,Russia,1985-04-17T10:30:23Z
312,ggilbeart8n,DKxv93IxF7aZ,cpflieger8n@tripadvisor.com,Ukraine,1931-03-05T03:55:14Z
313,nperrigo8o,LH3IbP4Ur,apawelke8o@wsj.com,Macedonia,1951-01-10T03:20:09Z
314,jluce8p,BOHwLe7DWny,cdun8p@toplist.cz,Sweden,1960-05-05T09:19:54Z
315,wfreschi8q,utnMRy,lgosneye8q@cdbaby.com,Thailand,1955-07-22T13:44:19Z
316,eglaisner8r,GrYRuFWJ5D,gburfoot8r@blogtalkradio.com,United States,1999-01-13T09:32:39Z
317,rcorbie8s,M6tFfpxOXyC,bropp8s@slate.com,Indonesia,1925-01-29T11:22:10Z
318,hroskams8t,CQ9yG6VV9S,cwilletts8t@tiny.cc,China,2020-12-26T12:57:13Z
319,ckeinrat8u,bwMLmA,anoblett8u@ebay.com,Indonesia,1987-12-30T23:31:05Z
320,dmckechnie8v,etCatU3,spetry8v@unblog.fr,Indonesia,2017-01-12T22:00:09Z
321,kmcmorran8w,ro8tts3tVuPJ,kmarjoribanks8w@jigsy.com,Indonesia,1985-09-10T19:43:43Z
322,plaight8x,rOiOB6,dmckinnell8x@cbslocal.com,Russia,1946-01-31T16:36:21Z
323,ckiljan8y,ETPxbe,jdeclerq8y@fc2.com,Belarus,1996-02-03T21:45:58Z
324,mcorder8z,0EhcHdEH,egainsburgh8z@nsw.gov.au,Chile,1976-02-13T09:31:06Z
325,tespadero90,Doe5acfzj5c,lclendening90@businessinsider.com,Indonesia,1995-04-25T01:14:56Z
326,fcockrill91,QbcBPbQFaoeM,ccarletti91@businessinsider.com,Zimbabwe,1980-03-13T03:04:45Z
327,abloxam92,bsqcf5oohc,alonghorn92@ask.com,Indonesia,1975-05-11T02:59:27Z
328,mhumphries93,gMM2D67y,tloody93@cpanel.net,Poland,1966-12-22T14:46:42Z
329,jeates94,7mvVbrVtEqQ,jgerriessen94@themeforest.net,Peru,2022-03-20T15:57:50Z
330,ctutton95,QlTyTEWkJc3a,cdarcey95@uiuc.edu,Indonesia,1987-11-07T22:43:52Z
331,sfollett96,tUsppw,gbatram96@bluehost.com,Poland,2001-05-24T13:24:58Z
332,sramet97,CYZgThC1Y,bcooke97@unblog.fr,China,1946-07-07T19:53:27Z
333,bmichiel98,UTnyeU1MV,eparmiter98@vimeo.com,China,1993-07-25T03:59:43Z
334,lteasell99,SNebOHzys1tW,ddumphries99@disqus.com,China,1997-09-27T07:09:33Z
335,sblaine9a,KL4cuCpPUzfD,motson9a@about.com,Indonesia,2008-02-11T04:13:47Z
336,afaier9b,5pRw3C,kcarff9b@stanford.edu,Indonesia,1961-12-09T16:45:24Z
337,snolan9c,PJF9WqfR,amcdowall9c@microsoft.com,Philippines,1993-10-28T04:12:04Z
338,escapens9d,yvpLSgbloHxC,aferby9d@ted.com,Greece,2010-07-24T21:39:42Z
339,ppotten9e,KuUIQKV1,kkiddle9e@state.gov,Venezuela,2014-04-24T01:15:46Z
340,jskeemer9f,iXBgJ87K,gbrittle9f@github.io,Russia,2006-02-02T07:08:13Z
341,cdansken9g,YfJkenDVyqNo,jbaukham9g@reddit.com,Finland,1950-09-28T20:06:26Z
342,galleyn9h,aQchymb1ndC,ewaliszek9h@imdb.com,China,2016-12-14T11:55:33Z
343,bduerden9i,bwkVimHf,aboatswain9i@disqus.com,Indonesia,1995-09-09T22:11:13Z
344,gmathieu9j,zNnOhwbn,amyatt9j@tamu.edu,Indonesia,1986-03-20T18:42:54Z
345,cbeuscher9k,anfmVB5L3,awoolmer9k@topsy.com,Bulgaria,2005-05-16T23:56:18Z
346,easpy9l,nokPVV,ggoldman9l@about.me,Poland,1933-05-31T07:49:01Z
347,aleguin9m,x4FHlWdGev,mjaye9m@pinterest.com,Brazil,1928-03-29T08:53:15Z
348,hbeert9n,noQFQXzEVR,cyanyushkin9n@stanford.edu,Armenia,1999-11-24T08:57:11Z
349,hpraundl9o,tax5g6bEUyrG,rbeeching9o@nps.gov,Peru,1956-12-02T15:00:30Z
350,shelstrip9p,SzMLgX,ahundell9p@canalblog.com,Japan,1971-12-26T18:39:30Z
351,rmarke9q,N2x59PL,jhinzer9q@chron.com,Angola,1993-08-08T16:32:39Z
352,bmartin9r,S3o96N,rcoster9r@nyu.edu,Indonesia,1933-03-09T09:39:51Z
353,dreynolds9s,ozEknLB,jlamming9s@youku.com,France,1936-09-03T02:27:59Z
354,ekilborn9t,muAaCN6WUl,rkyte9t@usnews.com,Ecuador,1950-09-21T12:55:36Z
355,cgeraghty9u,o1pyzOK2zb,nuttermare9u@yellowpages.com,Portugal,1940-11-14T14:49:03Z
356,gruse9v,dyqnZCVPcf,alitterick9v@buzzfeed.com,Poland,1984-03-08T21:16:21Z
357,deldrett9w,Bs0xXd9FTxbz,tbetteridge9w@telegraph.co.uk,Brazil,1938-06-06T21:30:53Z
358,djimmison9x,ThgEl6U,ahaygreen9x@bizjournals.com,Russia,2007-11-12T06:29:01Z
359,iluppitt9y,Y6EBddm,vclitherow9y@usgs.gov,Russia,1979-07-11T02:34:48Z
360,jleprevost9z,pTlFqfuP16,mbotham9z@typepad.com,Thailand,2018-03-03T11:39:27Z
361,rmcbradya0,vipA54sTNo,cbarrablea0@sina.com.cn,Japan,1975-02-19T03:16:14Z
362,lsyalvestera1,lNOST0,fkeatona1@archive.org,Argentina,2005-06-24T14:02:47Z
363,ljossa2,VqaBfDkVr3Y,tfendleya2@g.co,Japan,2012-01-30T19:24:08Z
364,afennessya3,9MoVXNcIG,paspinella3@wufoo.com,China,1983-02-06T01:30:22Z
365,schilda4,eoxekZ,gernshawa4@businessinsider.com,Uganda,2000-01-04T11:54:32Z
366,cmcdougalda5,TSuWgf2gr3,csangara5@comsenz.com,France,1952-07-01T03:01:02Z
367,gsolowaya6,iv16Up,flaxa6@booking.com,Portugal,1923-02-24T23:39:34Z
368,ahalsteada7,0HTT1me,khuffa7@sphinn.com,France,1942-11-19T02:13:51Z
369,aberka8,fne4fDaPF32o,mkleinsterna8@yelp.com,Portugal,1951-07-29T01:11:19Z
370,csmowtona9,XmIK1R116s,lbococka9@cafepress.com,Russia,1940-09-28T12:50:42Z
371,dklimkovichaa,O2buzHmqGvq,tklusaa@cisco.com,Czech Republic,2020-10-26T09:42:23Z
372,qmackeggab,TJWz5z,rpalmerab@t-online.de,China,1978-09-20T21:47:13Z
373,mbusac,Iucffo,whollingtonac@sciencedaily.com,Peru,1970-08-05T15:22:42Z
374,isilverstonad,bTsi9Q,vivead@microsoft.com,United States,1960-02-18T20:44:56Z
375,wternaultae,x0dS9JOyI02D,lanthonae@1688.com,Argentina,2018-02-09T00:43:27Z
376,csodenaf,ADicSoMpifA,fgianoliniaf@wisc.edu,Bolivia,1959-04-14T02:57:05Z
377,rszymonowiczag,mtmVim1BG2x,ssevilleag@disqus.com,Finland,2020-04-28T10:27:53Z
378,tchurchleyah,NwWMEr6uqla,asatterleeah@flavors.me,Mexico,1931-07-30T15:56:50Z
379,mbricketai,jvhlOH,apeetai@blogger.com,Philippines,2002-06-12T04:29:05Z
380,ebrunelaj,JFr8eLwJ,mbroadfootaj@gizmodo.com,Portugal,1963-05-16T18:20:33Z
381,aburchillak,yRbb2c,plidgertonak@canalblog.com,Brazil,1923-09-14T10:42:30Z
382,kellumal,0VrxNjnIvJ,kgussieal@eventbrite.com,Russia,1929-12-06T00:32:08Z
383,sgreenanam,2S2mtBlyF,pcyseleyam@usnews.com,Philippines,1942-08-26T18:57:56Z
384,cstanilandan,loLIPq34o,tlelandean@zimbio.com,China,1948-11-25T19:20:59Z
385,sburstowao,qncRc3uka2o,lburgessao@craigslist.org,China,1972-01-22T18:50:30Z
386,cstileap,Q85eFMlwA3jX,cbrewittap@boston.com,Russia,1923-06-17T12:01:17Z
387,aranvoiseaq,hW3aBHqcIoMM,bdibdallaq@google.com.hk,Yemen,1969-05-09T19:24:19Z
388,cgoldwaterar,sNYx0K,lgandertonar@is.gd,Czech Republic,1951-11-21T15:34:08Z
389,tduredenas,HH1SotAiIgU,dfarhertyas@icq.com,United States,1945-09-17T07:36:39Z
390,hdegregorioat,04oec7,amixworthyat@dell.com,United States,1997-12-03T13:38:45Z
391,kwalesbyau,4K4BZSHrOMYy,jrosboroughau@xing.com,Russia,1991-10-24T02:46:57Z
392,phartmanav,JiU3Qr7,anarisav@behance.net,China,1961-12-05T12:20:40Z
393,ccudbyaw,pJYRu3,cheadingsaw@live.com,Syria,1953-08-09T00:02:15Z
394,ahinstridgeax,afQeQaCnglB,ejowlingax@flavors.me,Portugal,1976-01-16T14:19:09Z
395,geltuneay,oSc4y6FGLM7,sstarmontay@wordpress.org,Indonesia,1936-08-09T08:20:16Z
396,dhargieaz,X4NaSKN,mgibbensaz@squarespace.com,Mongolia,1999-02-25T07:05:44Z
397,ccoathb0,TszuegFF73,dbeachamb0@tuttocitta.it,Philippines,1999-10-26T01:33:43Z
398,dkemberb1,hnkKc5A55s,bberib1@constantcontact.com,China,1930-08-29T18:25:40Z
399,lablittb2,KIwW5J25K,sschuhb2@quantcast.com,Indonesia,1923-04-03T23:10:44Z
400,tkrysztofiakb3,hYQW6IYNY,bsugarsb3@123-reg.co.uk,South Africa,1975-05-15T23:43:13Z
401,nwhinesb4,4YYQsTJgNnt,mosuairdb4@pinterest.com,Bangladesh,2021-04-14T23:59:51Z
402,pvermab5,uPiYfszeBBkc,speirpointb5@slideshare.net,China,2016-07-26T16:11:24Z
403,pkendallb6,9RVEDFO9fA,shallaganb6@cmu.edu,Russia,1930-02-16T20:50:00Z
404,mheakinsb7,AYPPkZS3Ud9,aczajab7@examiner.com,China,1959-12-04T05:39:07Z
405,sdennittsb8,oD3lOVRfP,rscreaseb8@meetup.com,Thailand,1999-10-18T16:58:30Z
406,drissob9,oAT1F6NAALmN,epriddeyb9@barnesandnoble.com,Philippines,1926-03-30T08:03:37Z
407,bgridonba,UIWh2vKQs9p,bconibereba@flavors.me,China,1960-05-08T21:02:12Z
408,operronibb,8uozcJkqv,ejobebb@nytimes.com,Ukraine,1939-10-21T05:17:41Z
409,mkobpabc,SToBzumC6,wsemkenbc@about.com,United States,1979-03-19T17:59:19Z
410,pgiacoppobd,11IY75D,tturesbd@vinaora.com,North Korea,2006-09-12T03:05:49Z
411,mfosterbe,rHdwcrwX,pbernotbe@jugem.jp,China,2017-08-28T21:08:21Z
412,abehningbf,Jn37F1X5MKA9,jbesquebf@umn.edu,Russia,2015-12-03T15:14:17Z
413,rtuftinbg,msMYsUd1HGOt,npresdiebg@booking.com,Poland,1929-10-23T00:33:29Z
414,blindberghbh,T55QIQ3XJ,cfaustbh@addthis.com,China,1922-08-14T08:24:40Z
415,mlevenbi,Hzl9SXM,ealwenbi@google.com.br,Namibia,1998-08-13T14:25:52Z
416,clewisbj,ejwypt9,bbeattybj@dell.com,Senegal,1937-08-08T13:55:53Z
417,kslessarbk,5SCz8wwGt73,ctuffeybk@ameblo.jp,Indonesia,1998-09-02T04:09:10Z
418,nnewlandsbl,jPJGOsgli,jmacwhirterbl@godaddy.com,Poland,1942-06-16T11:39:02Z
419,karmigerbm,yBH1iGbzOnR6,rkmicickibm@cmu.edu,Ukraine,1990-02-03T13:53:48Z
420,vtrimmingbn,ruMLh91jk,wmetzkebn@tamu.edu,Syria,1958-10-16T23:04:35Z
421,dtopazbo,mC4RvcFv,bsidwickbo@telegraph.co.uk,Peru,2000-06-15T21:54:39Z
422,dcolloffbp,A6oBsbB,dmacelholmbp@bravesites.com,Czech Republic,1987-10-02T09:03:27Z
423,clangforthbq,fCnoRBs,gglasscockbq@vinaora.com,Uzbekistan,1927-03-27T05:01:43Z
424,edalzellbr,I5NSboLC2h6T,rwarcopbr@feedburner.com,Indonesia,2007-02-22T16:05:35Z
425,ospendleybs,rMJ4t4mguuD,lclarabutbs@ted.com,China,1928-11-10T09:30:56Z
426,mgrombridgebt,Je9C1FmhuvPt,acolingbt@pcworld.com,Slovenia,1982-03-06T15:39:30Z
427,tpaasobu,3KzrDSul,vmacallambu@multiply.com,South Africa,1944-12-22T15:05:05Z
428,oprettybv,7czEYU9BoSPv,jrobbertsbv@princeton.edu,Ukraine,1999-10-19T07:41:28Z
429,hcaesarbw,UqRNTA2,cchastonbw@prnewswire.com,Sweden,2007-05-08T18:58:48Z
430,dbynethbx,GyYoCM5,ppetreczbx@reuters.com,Indonesia,2002-02-16T16:50:46Z
431,ydemogeotby,HZ72Q77s,vduredenby@istockphoto.com,Indonesia,2020-01-03T06:22:22Z
432,rtreffrybz,U3q9BY2L,bbramhallbz@abc.net.au,Brazil,1939-05-19T15:33:11Z
433,asimkissc0,2m66Gr,dmarzelec0@answers.com,China,1981-01-14T21:02:42Z
434,srehnc1,TnmnY0ukcKv,pfrontczakc1@vk.com,China,1987-07-11T15:12:20Z
435,sdagwellc2,EHE0wwZkLmd,gedelmanc2@yelp.com,Philippines,1967-10-21T01:14:39Z
436,slantophc3,F3irDgA8oWJ6,bsheeranc3@google.it,Russia,1949-11-23T08:37:38Z
437,istpaulc4,HKkN8BWqJXm1,bbiagic4@twitter.com,Philippines,1931-06-20T07:38:34Z
438,jnormantc5,Kj30gPKGPjL,bmckeefryc5@kickstarter.com,Iran,1962-07-18T02:39:32Z
439,cosmentc6,k3SSG1gv,fparkynsc6@symantec.com,Cuba,1977-01-09T12:39:45Z
440,lleipoldc7,qxf2eZR6e,kdaudrayc7@scientificamerican.com,Bolivia,2013-10-12T06:03:29Z
441,cgluyasc8,iOVf6Tbtyb7,egerantc8@statcounter.com,China,2010-01-31T09:02:19Z
442,idimeloec9,HNcAp4,hcoramc9@netlog.com,Israel,2020-09-11T04:27:47Z
443,dcurwenca,sbPAwm61oNS,kpilsworthca@ucoz.com,Libya,2013-03-23T20:43:49Z
444,rorbinecb,dFrl2X2U23iP,gmatthessencb@altervista.org,Brazil,2002-09-11T08:34:43Z
445,hpacecc,HroYZO,sthwaitescc@ca.gov,Indonesia,1946-10-22T17:46:39Z
446,jdegregoriocd,T4dh85U,ygoanecd@mlb.com,Greece,1939-11-07T08:32:53Z
447,kharesnaipce,NeNk4gAM2,gpengelleyce@wordpress.org,Russia,2012-02-25T23:53:05Z
448,rfountiancf,lAVCS9Y,clawrensoncf@acquirethisname.com,China,1983-11-20T23:07:11Z
449,sherchecg,oGZnbGB,tpollakcg@home.pl,France,2022-07-31T02:19:53Z
450,tgentzschch,6BGCc33,gcowderaych@blogs.com,Russia,1987-11-25T22:44:52Z
451,mfidalci,hNZqTRPW9etE,smarikhinci@e-recht24.de,China,1968-07-17T13:12:33Z
452,epymercj,QKiu2zrBOv,csowthcotecj@sakura.ne.jp,Malaysia,1971-08-06T20:35:22Z
453,eroydenck,GYvDqPLmp,jeastmanck@liveinternet.ru,Dominican Republic,2014-12-19T21:46:56Z
454,cbridgenscl,DJwcGToAw,kpapierzcl@mediafire.com,United States,2003-03-23T23:36:32Z
455,fclampecm,yMVOMY20jP,ajerschkecm@vinaora.com,Indonesia,1979-01-17T17:11:59Z
456,aphillippcn,DFXvos0MoF3,mimoscn@vistaprint.com,Serbia,1945-12-18T03:25:26Z
457,astanmerco,9E09UV,kdakersco@ucla.edu,Vietnam,1928-08-04T04:25:31Z
458,csmyliecp,KKu467,adeakescp@msu.edu,Indonesia,1940-05-16T10:41:12Z
459,cjoslincq,Pf78xde1G,wmorrisseycq@admin.ch,Ireland,1946-09-19T21:56:08Z
460,tmomfordcr,MquNOuSKlApC,opetranekcr@mapy.cz,China,1945-04-22T02:17:25Z
461,gbenthallcs,avanmLsNpGIq,mgrivorics@census.gov,Japan,2011-02-08T21:46:20Z
462,lchrispinct,NI8Kbs,ztreskect@printfriendly.com,Czech Republic,1999-01-18T18:53:32Z
463,meliyahucu,DO0FkIXz,tfuzzardcu@nymag.com,Indonesia,1982-04-25T03:27:52Z
464,peratcv,3miMQOUZ,whanstercv@google.fr,Moldova,1966-02-01T22:14:48Z
465,jhuffcw,IYjZbxsXNwQq,fjakemancw@photobucket.com,China,2019-09-08T00:32:19Z
466,asaffellcx,vrzEZV27w,rruffellcx@google.co.uk,Jordan,1988-06-13T22:41:40Z
467,dbrodneckecy,bEpKRBy4L,cbalwincy@tuttocitta.it,Morocco,1937-07-15T10:50:36Z
468,zscarcecz,T5ntdL,bchadneycz@oakley.com,Sierra Leone,1943-08-04T07:25:22Z
469,apratid0,lNoWuK,aduffieldd0@yellowpages.com,Portugal,1995-02-12T19:39:19Z
470,thalsed1,X3yoKUf4w,nlehrd1@amazonaws.com,Syria,1934-11-17T17:35:10Z
471,flabrowd2,KgkGAr1A4AI,lmegaheyd2@google.com.hk,United States,1990-08-26T02:07:48Z
472,lvarnsd3,yh04Y6pO6X,agrissettd3@infoseek.co.jp,Russia,1961-05-01T17:19:24Z
473,tautond4,9rZlkoe3t41n,smeffind4@angelfire.com,China,1996-05-14T12:36:21Z
474,lfiermand5,YD24XCBUE,deneverd5@cafepress.com,France,1939-05-28T04:45:30Z
475,llaffind6,oTWEuEnPN,csonesd6@xing.com,Central African Republic,2003-03-02T09:31:05Z
476,vscarced7,NizAMF6SG,tupwardd7@unblog.fr,China,2007-03-21T20:23:53Z
477,jbewsyd8,sXADmmh,bdobrovolskid8@sun.com,Czech Republic,1932-07-24T08:00:55Z
478,mdawkinsd9,iBd5xbr,mmclesed9@4shared.com,France,1931-06-03T09:16:26Z
479,sswinleyda,Jqz37kzb8y,pmccreeda@nationalgeographic.com,Czech Republic,1989-08-12T16:32:18Z
480,lritchingsdb,yGs1iauHUk,pclusedb@imgur.com,Brazil,1959-04-15T11:10:37Z
481,ewhitbreaddc,vZ6BKG,bbeaumontdc@cbsnews.com,Russia,1961-10-07T02:32:11Z
482,fmcgladedd,vqThbpYBi5,cloukesdd@wisc.edu,Argentina,1986-12-30T06:24:10Z
483,mkenawayde,6ouQ4iOdnz0,mgreatheadde@spotify.com,Moldova,2017-07-11T21:56:49Z
484,rberksdf,rdVQKU,tmckeachiedf@usatoday.com,Russia,1940-02-14T15:09:30Z
485,aglendzerdg,h8AE6V,spenninodg@histats.com,Afghanistan,1927-07-19T21:11:40Z
486,scowgilldh,q1Ggb2FbzRq,pgurdondh@weather.com,Philippines,1922-06-26T23:26:10Z
487,vrobertodi,ioniccrKCPQ,alamberthdi@cafepress.com,China,2009-05-04T07:32:17Z
488,aevettdj,ZgH53A,mtwelvetreedj@harvard.edu,Afghanistan,1988-11-28T23:29:57Z
489,gbromheaddk,wQljAtm2984,tbroxtondk@phpbb.com,Indonesia,2013-06-28T14:58:37Z
490,tfrizelldl,VwdN4fY1V96,dnipperdl@accuweather.com,Colombia,2015-05-26T22:58:53Z
491,esawleydm,UHGgizzfZ,omunganedm@adobe.com,Japan,2016-02-29T14:04:31Z
492,ereubensdn,LQE7MXYl2hAj,dlesarrdn@desdev.cn,Democratic Republic of the Congo,1972-11-13T06:20:46Z
493,hkadddo,WqqHIS,dpoulneydo@phoca.cz,South Africa,1969-09-13T14:53:50Z
494,cfrenzeldp,gUFWlZlhbUB,wbrimdp@nifty.com,China,1947-08-30T17:20:30Z
495,olendendq,FkBfSTErNB,mfakesdq@umich.edu,Bangladesh,1972-11-19T19:14:30Z
496,vwaudbydr,UcGsm5WQ1a,lodelldr@state.gov,China,1960-06-19T14:29:12Z
497,hsantusds,pFp56wim4w6G,dvaughtonds@google.es,Indonesia,1973-03-01T08:26:02Z
498,cgoodeydt,VA473FgbS,bdeportedt@businessinsider.com,Philippines,2020-05-20T17:45:29Z
499,vmortimerdu,XWwMODqwp7ll,pplowmandu@tiny.cc,Czech Republic,1967-05-19T15:12:04Z
500,mhawksleydv,uQDoTzRO,ameecherdv@rediff.com,Philippines,1927-04-03T14:30:59Z
501,jbingleydw,ghuFvzjtkWC6,fbuckenhamdw@infoseek.co.jp,Peru,1949-09-11T23:40:41Z
502,dsherrdx,EygS4eNF,srodgierdx@1und1.de,Colombia,1995-03-09T21:27:36Z
503,sbarfielddy,ptpRjX,bkinahandy@posterous.com,China,1962-05-16T01:18:48Z
504,mrutiglianodz,7xsxowaPuA,enelhamsdz@domainmarket.com,Poland,1974-11-06T17:42:25Z
505,tnewbigginge0,xUjbYtrr9,otonnere0@buzzfeed.com,China,1946-01-28T07:54:15Z
506,gmccrostiee1,F15xQw4g,corsie1@nasa.gov,Russia,1988-11-04T15:53:16Z
507,hfoarde2,mKnYd82Y,pceschie2@ebay.com,Luxembourg,2001-07-24T08:14:25Z
508,cteggarte3,bF49zxDO,kblaisdelle3@youtu.be,Syria,1948-05-16T21:20:21Z
509,tambridgee4,zB70ZIr,mwandrache4@webnode.com,Haiti,1962-12-04T20:35:00Z
510,lwaylene5,YcKjDNvR,lhicklingbottome5@gov.uk,Vietnam,1968-11-12T03:44:50Z
511,fmorrisse6,pqYNoQ,gridsdolee6@comsenz.com,Portugal,1997-12-26T19:36:40Z
512,dtiebee7,AVM7vJzZW,lgogartye7@google.com.hk,Indonesia,1943-10-06T21:23:09Z
513,wmelmethe8,gig7wFk,ecasacciae8@theatlantic.com,Poland,1922-01-21T13:21:50Z
514,rrobbingse9,Okago8SaOLiE,ocattrelle9@huffingtonpost.com,Faroe Islands,1925-02-10T14:00:15Z
515,rseverwrightea,9vVC20n,etreasureea@weebly.com,Yemen,1953-03-04T21:40:47Z
516,pgrevatteb,7MhKuYX,atyrrelleb@tripod.com,Poland,2014-12-22T08:57:22Z
517,lwennamec,yYsLdFK1IQmM,tlossmanec@dagondesign.com,Philippines,1977-04-22T20:04:29Z
518,bfountaineed,uPG9T1xAD,tbernardoted@cisco.com,Saudi Arabia,1925-08-04T17:15:30Z
519,kleafeee,biCSHZ,hbradmoreee@ox.ac.uk,Oman,1992-03-13T06:48:21Z
520,ynevetef,SmCJycDwWR,ghurtef@answers.com,Indonesia,1989-02-22T21:26:31Z
521,ngathwaiteeg,P3rk3yx39aK1,snormanvilleeg@comcast.net,United States,1930-09-14T04:09:23Z
522,pheibeleh,1uDCjety3,tmondayeh@cisco.com,Greece,1985-07-13T21:30:10Z
523,amorradei,J8ev0lGAXNi,chastei@dailymail.co.uk,Colombia,2015-05-21T01:57:30Z
524,jcastonej,iuNV4QQOlC,ahumbeeej@eepurl.com,Ukraine,2014-12-16T09:54:13Z
525,ddermotek,1vnHYDrN,jnieldek@yahoo.co.jp,Croatia,1996-12-26T21:08:21Z
526,mdeareel,FaZYL2UB,ptudgeel@epa.gov,Thailand,1970-06-18T09:32:09Z
527,hbygateem,BLvn2j,cjuszczykem@taobao.com,Russia,1937-01-30T00:26:34Z
528,ctanseren,oDmgpjWrugd1,atornsen@nhs.uk,United States,2016-09-23T00:11:58Z
529,lclemmitteo,C4i19uBwQ2a,sbassilleo@samsung.com,Portugal,1972-09-01T18:18:21Z
530,gwinchurstep,VmN30Xym,atolertonep@constantcontact.com,Sweden,1941-01-03T08:40:51Z
531,mmuslimeq,Uzgr2GNiQ,rdawtreeq@1688.com,Indonesia,1940-01-11T12:36:55Z
532,glarosaer,nXmgMb,jjaleser@surveymonkey.com,Cambodia,1975-03-02T06:50:21Z
533,csilvesteres,XWFuTSf,tmattissones@bizjournals.com,China,2003-06-05T17:09:07Z
534,mgecket,LSqC1f3ZL,tstirlandet@cbc.ca,Russia,2015-04-17T05:00:39Z
535,jburgetteu,RUXiPiMhj,ecallowayeu@usa.gov,Poland,1979-08-06T15:04:13Z
536,eretterev,ounRde9157L,lbernardoev@hexun.com,China,1984-11-11T08:39:20Z
537,amorillasew,iYKbcUyIRN9,caleksashinew@house.gov,Brazil,1961-10-03T03:38:34Z
538,gsalmanex,G1pwkq,kprescoteex@dion.ne.jp,Czech Republic,2011-03-07T20:03:45Z
539,bblabieey,wa0TNPas,yartissey@odnoklassniki.ru,Mexico,1933-05-17T10:51:32Z
540,ktumiotoez,a7gB7h6Q1UW,eruddleez@guardian.co.uk,Philippines,1975-06-06T06:22:54Z
541,sfairrief0,FMH6t014,msmalecombef0@theglobeandmail.com,France,1923-01-31T19:01:15Z
542,dweedf1,3306TeDiMTU0,jmarrinerf1@nymag.com,China,1933-09-14T04:57:41Z
543,gsalkeldf2,vW24Jw9,gpurdonf2@ihg.com,Egypt,1991-10-20T20:02:52Z
544,jgrinnovf3,ryQrFX8,gdellarf3@cdbaby.com,Portugal,2010-12-30T23:39:32Z
545,sarnfieldf4,eHW4ZNsxHq2a,hmatzf4@nba.com,Brazil,1976-11-27T16:24:37Z
546,iranaldf5,mzOCrvgJgtyA,tserrierf5@newyorker.com,Sweden,2005-03-08T10:43:40Z
547,dbumphreyf6,z9MDacbWM,ieaglingf6@wp.com,Poland,1984-03-29T15:18:48Z
548,rgothrupf7,Ek4BQDcPnm,hdodgshonf7@ucsd.edu,Comoros,1987-06-27T12:45:36Z
549,rdundonf8,Gccg9pgZ,esoppittf8@google.com,Russia,2008-11-03T08:32:26Z
550,rshimonif9,F7p8H6sEQOF,tflattf9@ebay.com,Egypt,2021-11-02T09:34:35Z
551,nunderdownfa,b0gtuX6,doldhamfa@unc.edu,Uganda,1982-02-02T08:31:09Z
552,wdavidsfb,ZiKO9w6Da,fcassidyfb@blogtalkradio.com,Sweden,2015-12-01T15:04:04Z
553,cartinstallfc,Cg6LsRzobJMg,bsilverstonefc@tiny.cc,Portugal,1978-06-17T16:52:00Z
554,hcookesfd,B0Q0CUxtO,kbrittonfd@friendfeed.com,Argentina,2018-03-27T02:33:57Z
555,evogtfe,Pr6ACXq7,hgleadlefe@umich.edu,Pakistan,1932-08-24T12:34:59Z
556,kdulakeff,YI69fw,bsemirasff@techcrunch.com,Poland,1983-05-11T19:41:19Z
557,lkarranfg,I4KFEG3lXIO,kdunsirefg@paginegialle.it,Poland,1960-11-29T00:11:07Z
558,ldenisotfh,XulWCtlG1,babrahamianfh@auda.org.au,Tajikistan,2012-03-26T22:02:41Z
559,dbamletfi,IxCfKNc,otrewhittfi@un.org,United States,1999-07-29T13:08:16Z
560,dmcconachiefj,84kq2T,faisthorpefj@eepurl.com,Greece,1991-11-07T16:11:33Z
561,cgilberthorpefk,z7wdELL,dpetelfk@drupal.org,United States,2019-02-22T18:15:57Z
562,sstanylandfl,WmL2lRu6g2Cx,kbusfieldfl@ibm.com,China,1999-04-20T12:06:39Z
563,jbuckettfm,Tmaknag0d,urobbingsfm@arizona.edu,Indonesia,1925-08-21T06:30:13Z
564,lboldfn,VflXsnB0nXP,jhovendenfn@topsy.com,Taiwan,2009-07-07T11:36:12Z
565,ppentonyfo,FZmtdMnbXr,mfeakinsfo@typepad.com,Russia,2000-02-16T04:07:45Z
566,vmacfadzanfp,RalrHunu,bvickeryfp@admin.ch,China,2013-04-10T01:26:27Z
567,awhathamfq,ZLNy60,cdeverillefq@amazon.de,Czech Republic,1968-11-25T23:37:39Z
568,bpondefr,uwlV5ENYYtV,abaukhamfr@facebook.com,China,1985-06-15T20:08:18Z
569,fatwaterfs,fjippB1MUS,tfidgeonfs@1und1.de,Peru,2009-07-20T06:21:00Z
570,dfeldheimft,2HWmCc6obr,mkornasft@zdnet.com,Philippines,1927-10-27T22:41:41Z
571,gbendafu,tTzgdm,kpresmanfu@bluehost.com,Indonesia,2005-10-31T19:44:18Z
572,aricioppofv,MkS6Hcmgy3k,rtamburifv@meetup.com,Finland,2004-06-15T09:45:54Z
573,kpaskefw,vBxxliccP,gjahnsfw@blog.com,China,1953-04-02T21:06:45Z
574,silyushkinfx,Sz1edx,gmacwhirterfx@vk.com,South Africa,2001-07-08T20:27:44Z
575,csandcroftfy,6QvN1fVGLJ,lilchenkofy@timesonline.co.uk,Indonesia,1929-05-29T07:55:23Z
576,mbaswallfz,bSFjtmjkvv,cyeardleyfz@vk.com,Indonesia,2003-01-23T17:40:03Z
577,lchantrellg0,k3crZyLKsIc5,amackintoshg0@hubpages.com,Kazakhstan,1954-09-25T07:31:57Z
578,kairsg1,gpzyi07YgfKT,hlattimerg1@smugmug.com,Philippines,1941-09-26T19:35:12Z
579,dgittingsg2,uTYApyM4,esanbrookg2@plala.or.jp,Ukraine,1966-03-21T17:03:27Z
580,awarreg3,4IQS907purBT,awoodgerg3@com.com,Russia,1954-11-03T17:46:35Z
581,gassinderg4,0LiKZd4tF19I,apechetg4@scribd.com,Poland,1983-11-23T12:25:41Z
582,lvidyaping5,N0E72g,mpalingg5@ibm.com,Democratic Republic of the Congo,1978-12-06T03:19:32Z
583,abidnallg6,IHxOekLC,cmcvroneg6@ft.com,Bulgaria,1976-12-06T08:21:00Z
584,vthomblesong7,RGgacjH6,ipetreng7@uiuc.edu,Colombia,1944-08-02T16:30:36Z
585,mricciardellog8,dpxuvCWw9JU,klutog8@miibeian.gov.cn,China,1996-08-22T18:28:30Z
586,chelbeckg9,ygMa6LM8Sv0,dphilsong9@accuweather.com,Poland,1957-07-11T03:14:13Z
587,lraggga,85CIA3TxtCB,dyorstonga@intel.com,Portugal,1976-03-22T05:04:34Z
588,sbidmeadgb,QT6jsw1F4d,gseamengb@arstechnica.com,Indonesia,1951-10-11T06:43:58Z
589,lattrydegc,WWsyIhwa,bbeebeegc@4shared.com,Portugal,2002-08-08T16:00:51Z
590,afishbygd,vCFxWDU3O,rhickingd@facebook.com,China,1949-08-21T10:05:20Z
591,jchillcotge,qwNbINFyN,mmingeyge@constantcontact.com,Russia,1932-05-18T03:48:34Z
592,dhallinggf,Kwa8gVvTT,lnowergf@networkadvertising.org,France,2018-08-30T14:00:31Z
593,vshorttgg,wMz0dfBcW,pmckinnongg@tuttocitta.it,Jordan,1929-05-14T11:48:31Z
594,lhelmkegh,MYJup1vGw,grawstornegh@lulu.com,Poland,1949-02-28T11:57:57Z
595,ljillardgi,f6aUerQ1kGa,alassellegi@multiply.com,Mauritius,1976-02-04T14:00:01Z
596,aricoldgj,oQMf2CNuBpt,cgrzeskowskigj@youtu.be,China,1943-11-27T05:02:50Z
597,acholtongk,NPwqH59,cbrownsellgk@ted.com,Poland,1926-12-23T14:33:38Z
598,rmurrhauptgl,brhRSY58kEM,jblacklawegl@shutterfly.com,Russia,2010-08-15T00:15:29Z
599,stoulsongm,ipy1wr2,abogiegm@imageshack.us,Indonesia,1948-08-16T12:11:58Z
600,ahavilegn,OStIzHW,hchestersgn@uiuc.edu,Philippines,1980-11-07T11:00:29Z
601,afurnessgo,bA0Fbl3T6,cmartinelligo@tinyurl.com,Sweden,1994-04-29T21:33:01Z
602,psargentgp,xiKaa2P,tgoldstergp@cyberchimps.com,Greece,1944-11-17T20:37:00Z
603,kspaceygq,x3KKCOCi,svestgq@statcounter.com,Gambia,2014-08-18T03:12:42Z
604,ehortopgr,15SgiKra,cdoumercgr@google.com.hk,China,1952-04-15T04:42:43Z
605,dtomblesongs,ZEpkMJRW,mjoselandgs@storify.com,Czech Republic,2015-07-28T15:31:09Z
606,gbarnardogt,GJzUftQAJf,cdrugangt@xinhuanet.com,China,2005-11-06T01:24:03Z
607,dknellgu,O14Ppc,rgerreltgu@lulu.com,Denmark,1997-01-08T13:39:19Z
608,kparduegv,SRBDHJv2gg03,wmalinggv@dell.com,Japan,1959-02-06T13:20:35Z
609,pealesgw,QJiINB,lciccigw@auda.org.au,Japan,1969-03-16T11:48:18Z
610,jhailgx,U6L8yDPnFshf,ldomonegx@eventbrite.com,Japan,1926-05-08T01:45:42Z
611,cjeacockegy,FSJsa4hT,sspearsgy@utexas.edu,Russia,2019-07-09T09:37:45Z
612,asmithendgz,KL5sSk,bcoynegz@deviantart.com,China,1943-12-26T04:49:16Z
613,ellewhellinh0,UOhLat,rhayhursth0@seesaa.net,Montenegro,2001-10-01T00:05:20Z
614,cbuickh1,dkLW6mItDB,csaladinh1@furl.net,Russia,2005-11-27T14:34:43Z
615,lchancellorh2,l4wABcPn,wgiffardh2@bluehost.com,Japan,2013-10-06T00:56:58Z
616,adriversh3,N0lYoupd4,bcastillonh3@youtu.be,France,1995-09-26T09:32:56Z
617,ncrannachh4,UT3Q8T9,ddonatih4@sogou.com,New Caledonia,2012-10-18T02:02:28Z
618,cleonidah5,R1clfqXR,afrenchh5@elegantthemes.com,Philippines,1946-01-30T21:32:12Z
619,souldh6,2dT25l4got,jhilliamh6@state.tx.us,United States,1956-06-14T04:18:32Z
620,mmcinilityh7,tQmQmV1Hi3IN,cbarnsh7@sciencedirect.com,China,1949-12-24T12:06:00Z
621,jbettenayh8,8vt1DSFo4nw,joborneh8@acquirethisname.com,Portugal,1992-11-14T20:28:20Z
622,minnerstoneh9,LyppEXH2YB,amuschetteh9@japanpost.jp,Vietnam,1956-07-01T00:02:19Z
623,cdabnotha,F93Il1zAN,llissettha@themeforest.net,China,1956-03-14T21:31:37Z
624,dbuckhamhb,ZAfXyOQeOVB,btelferhb@bizjournals.com,Russia,2000-11-08T12:23:27Z
625,mbrownswordhc,FKMXIbNu,fdevauxhc@vk.com,China,1970-04-22T03:28:18Z
626,mpetleyhd,gbuFLEqv,cdalgettyhd@china.com.cn,Bulgaria,1967-12-14T00:31:09Z
627,cnajarahe,h06uuiEYAi3,wginnhe@webeden.co.uk,Canada,2016-10-26T18:14:12Z
628,dcostockhf,PLqPeeQE,jhaileshf@miibeian.gov.cn,Poland,2004-05-18T21:15:40Z
629,pgawthorphg,Vr9YERKk,tseakingshg@foxnews.com,Ukraine,1947-02-26T12:10:14Z
630,smarohh,71VFMY,abrunhh@narod.ru,Kosovo,1958-05-18T18:34:00Z
631,mhaggarhi,GFztMf,abenhi@cbc.ca,Colombia,1963-01-03T07:58:47Z
632,bouldcotthj,KgUYZk4IUrZ,dfieldstonehj@umich.edu,China,1943-04-30T04:33:42Z
633,pdreschehk,lLaEz5wLbEE,tkerseyhk@hugedomains.com,China,1967-03-25T12:16:59Z
634,rclooneyhl,zyAraOo5N,lquarriehl@squidoo.com,Malaysia,1956-08-13T04:58:35Z
635,cdivershm,aJaD08lgf,pwychardhm@usgs.gov,China,1975-11-15T01:56:38Z
636,dsoonhousehn,HFTYSRX2WeEM,mtolchardehn@ustream.tv,Armenia,1946-08-23T18:34:53Z
637,rhatryho,5IIaE2,lhaggieho@cbsnews.com,Philippines,1954-01-12T11:29:06Z
638,mpavesehp,CX1uax,jnoorhp@yellowpages.com,Russia,1964-12-24T21:36:35Z
639,tpackehq,ygwGawV,bmarklhq@hexun.com,Russia,1939-09-23T01:59:39Z
640,iquinethr,kKQKJzB9u4,obalwinhr@bandcamp.com,Portugal,1939-08-14T16:36:16Z
641,gpackerhs,82LIp5H5aDj,whawkinghs@ning.com,Indonesia,1946-03-08T23:26:20Z
642,adedantesieht,Hyp5YaWzd,hbimht@ca.gov,Poland,2003-08-15T20:13:20Z
643,vbryerhu,56Os1hICZ,gbotlyhu@japanpost.jp,Afghanistan,1947-01-16T20:28:09Z
644,sanglishhv,TVL5do,slatorrehv@zdnet.com,China,1952-10-27T08:18:33Z
645,dburnelhw,wnflCJOeHR,eparsleyhw@hexun.com,Sweden,1954-03-18T19:17:18Z
646,swillmanhx,XqQE7YPz,hdeverickshx@mysql.com,Israel,2016-12-04T06:16:51Z
647,serdelyhy,ucY9PMGK,hduesburyhy@ehow.com,Indonesia,1934-01-24T23:24:56Z
648,agwillyamhz,KYurd7xQZQN6,bnorthcotehz@w3.org,Yemen,1984-03-12T22:59:34Z
649,cmcfadzeani0,pHTojiLeh33,cdunlopi0@boston.com,Finland,1998-01-17T12:38:56Z
650,tpohlsi1,3oFRF2XH,pdevoi1@theglobeandmail.com,Portugal,1949-08-03T13:09:03Z
651,tredheadi2,SNa39YaK,crobineti2@miitbeian.gov.cn,China,1977-06-18T02:00:39Z
652,rdjurdjevici3,7sbJjygslAd,dgaytori3@sina.com.cn,Mexico,1994-05-19T21:25:06Z
653,eshalcrasi4,8eHDaDGf,dglasbeyi4@vkontakte.ru,China,1929-02-11T05:26:49Z
654,asimmonitei5,Y0cEZ0d,jcasburni5@nba.com,Indonesia,2016-11-10T07:26:09Z
655,blandei6,dz8XGpdeDke,hescalerai6@washington.edu,Poland,2003-06-26T15:07:07Z
656,jhambletoni7,3Ep0325,lbleythingi7@ameblo.jp,China,2000-04-21T16:26:36Z
657,scushei8,nDaGKo9d,lbrattoni8@webmd.com,Brazil,1928-07-10T03:30:20Z
658,cblackwayi9,7Y3M2x6,ccarleyi9@tiny.cc,Brazil,1929-03-28T07:31:59Z
659,jbeertia,1WX36EYX8iZ,obodycoteia@google.com.hk,Indonesia,2011-10-17T21:21:54Z
660,bsiwardib,jwGaAuf3e4,kwakelyib@state.tx.us,Indonesia,1985-09-16T09:20:33Z
661,dcrombleholmeic,ksRu4oh,lmundyic@wiley.com,Panama,2012-04-04T18:50:47Z
662,nismayid,9OT8h1Fyk8j,gbyersid@myspace.com,China,2004-07-22T00:55:31Z
663,nbolinie,eKpFRGSaM9,sburthie@homestead.com,Sweden,1987-10-21T21:48:40Z
664,epeschmannif,2aLXh31tx,wpieif@addthis.com,China,2009-01-17T20:51:36Z
665,tsellig,k27VsDaxT4u,csikorskiig@about.me,China,1942-09-02T00:08:15Z
666,qheadeyih,kM3qqU,lkynvinih@wix.com,Gambia,1925-07-21T00:54:25Z
667,stapsonii,IvJGV6OKul,vgoracciii@webnode.com,United States,1955-04-19T09:55:32Z
668,dtrevillionij,kLtb4BiU,acubbonij@cdc.gov,Democratic Republic of the Congo,1938-09-21T18:08:29Z
669,ahaugik,x6EfSc,gcruddasik@phoca.cz,Portugal,1927-02-22T15:46:28Z
670,fmclewdil,VuISC3oSIrlP,csukbhansil@wikimedia.org,China,2012-06-04T21:40:01Z
671,vcrimesim,8ATe9nRPUn4j,tsalisburyim@nba.com,Moldova,1973-02-04T20:04:00Z
672,bmoonin,vTgmq9Nmg92,ndrewsin@biblegateway.com,Canada,1998-03-07T11:40:15Z
673,odiemerio,YDY2b6w07zmb,rmccaughranio@feedburner.com,Argentina,2004-05-05T04:06:08Z
674,cdurberip,A7Qt7oblAl,rmarriottip@hud.gov,China,1989-01-09T08:13:34Z
675,dmcgannoniq,vTmOui,rpetlyuraiq@deliciousdays.com,Norway,1952-09-04T05:29:46Z
676,djacobbeir,XwhEf2cM,gchalonerir@businessweek.com,Croatia,1957-09-16T00:59:38Z
677,wgodspedeis,nMcJRm3uiOF,bmorpheyis@phpbb.com,China,2015-02-12T03:58:57Z
678,kgiriardelliit,SVn6pqwtcN,gkevernit@slideshare.net,Croatia,1984-06-08T05:19:08Z
679,jdehmeliu,DthLZFNni5,avanderplasiu@weibo.com,Brazil,1941-09-12T21:36:46Z
680,sgerataschiv,b7gLrYrX,aspinettiiv@amazon.co.uk,Croatia,2017-08-15T13:17:37Z
681,wboyingtoniw,1DsYaln,gmcclenaghaniw@exblog.jp,Brazil,2021-09-12T17:52:07Z
682,kthackrayix,UTn4o7n4,ftuplingix@admin.ch,Mexico,1971-05-29T14:06:08Z
683,agorhardtiy,oL2bgOda,isoaperiy@china.com.cn,Russia,1937-11-02T08:46:00Z
684,fnaisbetiz,GPUVclYar,dspandleyiz@nasa.gov,Central African Republic,1966-03-15T22:12:16Z
685,kbassettj0,JogUkj,bsexstonej0@livejournal.com,Nigeria,2014-07-02T15:33:02Z
686,mhukinsj1,JZw7QvIo26,solliffj1@constantcontact.com,Lebanon,1966-09-08T07:47:17Z
687,mpechardj2,bjWGBwLlUPs,dagostinij2@123-reg.co.uk,Taiwan,1961-06-23T09:15:25Z
688,acucuzzaj3,mN5JarKd7n,ewolfartj3@ibm.com,Slovenia,1929-11-09T10:00:39Z
689,mgrishkovj4,CkeVUXOMWA,alynskeyj4@skype.com,China,2007-12-30T03:38:15Z
690,kruddickj5,bpq5l0B,emedwayj5@sciencedirect.com,Egypt,1968-06-17T19:14:07Z
691,aduplantierj6,bONNls,wtrayesj6@tumblr.com,Poland,1978-06-27T20:42:35Z
692,cgallehawkj7,pIdPMKKy3U6,ttandyj7@mozilla.org,Afghanistan,1926-03-24T05:03:11Z
693,tbayleyj8,vxQLwcczeP,drennardj8@cbc.ca,Luxembourg,1938-07-11T07:06:46Z
694,btrevertonj9,Rb3lavWM,ibargj9@typepad.com,Liberia,2006-09-30T14:49:43Z
695,rcoghlanja,j4YbGcfLnVJ,efarlowja@sakura.ne.jp,Peru,1993-09-18T00:29:01Z
696,cfeaseyjb,cKpDmpuOV,pvanderweedenburgjb@stumbleupon.com,China,1981-02-05T12:02:03Z
697,gtiversjc,awS8ZN,asandilandsjc@walmart.com,Bosnia and Herzegovina,1923-04-16T11:35:29Z
698,tdomeganjd,XoEoYPzUM,kterbeekjd@hibu.com,South Africa,1982-07-30T07:01:00Z
699,gkorlatje,OOGZmu,wkestinje@flavors.me,Brazil,1954-08-26T17:08:39Z
700,gbattistajf,nIrsdS4J,nhammonjf@discuz.net,Finland,2008-02-13T00:03:25Z
701,ywadforthjg,Tw0jVT3,shynesjg@people.com.cn,Indonesia,1973-05-02T00:31:44Z
702,dclausiusjh,pn5mpYL,hcisselljh@accuweather.com,China,1997-12-08T00:54:10Z
703,awifeji,o9nkAlnnbJ8,imycockji@stanford.edu,Colombia,1933-01-03T21:06:43Z
704,digounetjj,OiuU6g,gmccalljj@spotify.com,Peru,1974-01-05T02:35:46Z
705,rbridgelandjk,b4uzdNz,hkiebesjk@yellowpages.com,Portugal,1985-03-15T08:42:48Z
706,tloganjl,Ja0IwIy8mX8,eivasyushkinjl@ted.com,Tunisia,1996-11-20T06:23:30Z
707,rvirrjm,RIIHanF,esootsjm@elpais.com,Latvia,1999-01-07T13:46:09Z
708,gblowjn,4K2ivv0Ct,rboardmanjn@eventbrite.com,China,1990-06-08T22:03:34Z
709,bhintzejo,7OlyouH,sneliganjo@springer.com,Brazil,1963-10-11T15:02:00Z
710,dgannanjp,aQ0loB5,dfirthjp@rambler.ru,Colombia,1978-05-30T09:31:38Z
711,jsokilljq,ulXqnLdsa,selgeyjq@google.pl,Portugal,1977-09-23T10:57:40Z
712,bcustardjr,yIvAPtRCbeE2,ofreschinijr@timesonline.co.uk,China,1945-02-26T01:19:55Z
713,vbutjs,2uVQnV7,anavarrojs@irs.gov,China,1947-08-21T08:51:23Z
714,sseelyjt,dLtP6hAyCC49,dosiaghailjt@cyberchimps.com,Iran,1981-12-20T19:02:59Z
715,lparzizekju,zMuelYHI,gdecaroliju@economist.com,China,1942-01-28T03:51:44Z
716,vloiseaujv,UYsagb,nchartmanjv@is.gd,Brazil,1993-12-24T11:42:41Z
717,spolgreenjw,UZjKYDs,jsainsberryjw@google.com.au,Armenia,1945-07-12T06:41:39Z
718,fbillyealdjx,1yZ0penNBB,cklausenjx@webeden.co.uk,Iran,1932-04-03T00:43:32Z
719,ttoonejy,djNN7L,ceaglestonejy@wikispaces.com,Portugal,2004-03-07T18:21:35Z
720,dboydonjz,6BAWL2Qh3,dpantryjz@kickstarter.com,Burkina Faso,1974-08-02T08:02:42Z
721,bscantleberryk0,p56gIA,jownsworthk0@e-recht24.de,China,1944-12-16T15:13:02Z
722,jdorningk1,CLhmg4lD,klettsomk1@ucsd.edu,China,1971-09-21T05:02:05Z
723,telesk2,5Db3a2U,trainardk2@adobe.com,Sweden,1922-10-01T11:47:10Z
724,cpetchk3,RKBNlcm,ayarnk3@slashdot.org,Indonesia,2012-09-11T23:42:58Z
725,kmcdermidk4,dLUWdMid,csnoxellk4@loc.gov,Poland,2012-06-19T09:02:43Z
726,hrawllk5,YrEc22Zhf,zchargek5@bluehost.com,Republic of the Congo,1966-03-14T15:29:20Z
727,obuesdenk6,lwBhUWFEI8v,ofittk6@prweb.com,United States,1992-03-30T03:40:40Z
728,rdelicatek7,U2G4h1,dwortsk7@nbcnews.com,Poland,2018-06-04T21:11:50Z
729,woliddyk8,JsMNRWvo,abownk8@goo.gl,Indonesia,1959-02-03T01:49:34Z
730,dbootsk9,tjqUAU2Y53,lbowkleyk9@un.org,Poland,1970-07-31T16:26:19Z
731,afarlambeka,xgD0oAIAA3Hj,vdoggrellka@twitpic.com,China,1943-01-08T05:35:56Z
732,bpetriekb,CaRguA8YBZ,mebdenkb@sina.com.cn,Portugal,1998-04-08T08:57:26Z
733,cmangamkc,pzEjcbieWbpD,cnoviskc@amazon.com,Chile,1983-08-11T13:28:00Z
734,adonetkd,As0Tz0,ofoulstonekd@abc.net.au,Sweden,2010-12-29T15:04:51Z
735,afrandsenke,8igKhGz09x,dtitcomke@pagesperso-orange.fr,Russia,1984-02-24T22:31:25Z
736,wkoberakf,bDuOTPThSRJu,creeveleykf@rambler.ru,South Africa,1954-12-21T10:17:20Z
737,dmckewkg,O262SvrEyPyg,gcuniokg@foxnews.com,China,1936-03-03T07:30:07Z
738,cfrancakh,UfvMAHHCFWh,araisbeckkh@marriott.com,Peru,2004-06-21T11:53:02Z
739,fsuthworthki,OhCNnK0,ptyreski@japanpost.jp,France,1945-07-30T15:21:16Z
740,cmusterdkj,jv4NKe8hQ,rjefferskj@histats.com,China,1975-12-23T07:24:56Z
741,emahedykk,moAEOQ,ecreasykk@dedecms.com,Indonesia,2008-03-25T22:51:32Z
742,htotherkl,cdka3ru50E,sfullardkl@shareasale.com,Indonesia,2013-06-14T04:19:05Z
743,fnoweakkm,YfVvDGf,fabotsonkm@gravatar.com,Burkina Faso,2004-06-24T07:10:50Z
744,falvinkn,lX8vU2,ktarttkn@sakura.ne.jp,Mexico,1961-04-27T14:42:58Z
745,ltrodlerko,efGqlYXB,ddagostiniko@pagesperso-orange.fr,Iran,2014-02-06T17:36:53Z
746,jlamdinkp,Ll1PRDgh8A5O,arickerseykp@youtu.be,Tanzania,1952-04-05T07:41:33Z
747,pdrewetkq,5H12KRkLs88N,dstrettlekq@joomla.org,Greece,1981-05-07T20:32:14Z
748,blabdenkr,u675viN8,hdetocquevillekr@multiply.com,Portugal,1967-02-13T15:51:23Z
749,bbillsonks,CJ7oH5F1CvZ,fkerfodks@lycos.com,Uganda,1978-08-05T05:29:56Z
750,abollettikt,2J179KBxU,icuschierikt@blogtalkradio.com,Australia,1996-04-16T03:15:36Z
751,enormandaleku,wnthdPOKLqF,nsemeniukku@craigslist.org,China,1974-03-22T19:12:26Z
752,nburrisskv,6BQBo3j9c8,kabbeykv@tmall.com,Cuba,1957-12-12T22:17:13Z
753,hmanhoodkw,HbT2XbCD50We,cgullanekw@cocolog-nifty.com,Vietnam,1972-03-13T05:56:36Z
754,lnapolitanokx,rfhYGFEte4n,mnunesnabarrokx@sina.com.cn,Netherlands,1951-02-18T05:27:58Z
755,mbruffellky,OWpbGbqTwLal,ftoderbruggeky@creativecommons.org,Venezuela,1993-07-04T02:41:06Z
756,kwannopkz,8dbDl6Y,agallegoskz@cargocollective.com,China,2016-12-11T14:34:46Z
757,myoudelll0,lLNn0YR4gQLc,ckeemarl0@hubpages.com,Portugal,1969-09-13T17:44:09Z
758,melesanderl1,k10LCmnST,ctompionl1@examiner.com,China,1954-08-05T01:20:01Z
759,grousel2,RdEAVm,zfrostdykel2@google.com.br,United Kingdom,1981-04-12T16:39:59Z
760,paulsfordl3,1U4OVZYYvK,gjedrzejczakl3@indiegogo.com,China,1996-07-04T21:25:14Z
761,gbebbelll4,Z8ER7NXk9l,ahrachovecl4@dropbox.com,Philippines,1933-05-28T13:10:48Z
762,shawkingsl5,tSnOO8ueO3L,gcinnamondl5@google.co.uk,Norway,1944-01-30T06:44:08Z
763,nenzleyl6,Viq3l6nRHU,leastbrookl6@51.la,Finland,1947-02-06T14:35:04Z
764,ngowlettl7,IPdn2GQsOtpZ,howenl7@tinyurl.com,Ukraine,1952-06-30T07:28:39Z
765,nbartl8,juXBwHrHhnF,sredmilel8@yolasite.com,Brazil,1961-10-07T13:45:06Z
766,cmerringl9,fLJ49tHMJ2c9,fellinghaml9@google.fr,Philippines,1992-05-02T02:51:53Z
767,umidfordla,mQEJlMyT,rdumphreyla@ameblo.jp,Philippines,1966-06-01T06:43:51Z
768,cafflecklb,w17XyIIh6,pjeffraylb@discovery.com,Thailand,1955-12-24T05:01:50Z
769,lscamadenlc,lX1qZpqi,ostandinglc@bizjournals.com,Portugal,1968-05-21T11:14:45Z
770,wrivalandld,z4OCevuaeP,mkupisld@usda.gov,Peru,1931-01-30T17:19:33Z
771,bwhanstallle,53fZPgZI,cdaggle@cam.ac.uk,Spain,1953-09-03T21:23:55Z
772,swebburnlf,yLtR0YXst,kburtonlf@liveinternet.ru,Russia,1926-11-17T02:05:56Z
773,mmalshingerlg,ff2dx8xDsEQ,cblackmorelg@cpanel.net,Portugal,1986-12-28T05:23:52Z
774,mfrearslh,J9BjwwC,cguideralh@rambler.ru,Russia,1948-09-02T15:23:27Z
775,mgostridgeli,V2eSEXEBE,tbennoughli@yellowbook.com,Japan,1966-03-24T15:04:05Z
776,smarkeylj,BEjToy7iA,alegallolj@businessinsider.com,China,1997-06-06T11:02:45Z
777,fpulverlk,l9Q8FmVinen,manfreylk@sbwire.com,Indonesia,1988-02-24T05:38:48Z
778,aizkovitchll,SAooYVmNC,cvonhagtll@ox.ac.uk,Bolivia,2018-07-06T21:03:28Z
779,ubaneslm,NQIg7UHjW,alaminmanlm@aboutads.info,Uzbekistan,1949-04-01T13:40:06Z
780,dshayesln,Fq0NnSre7,jbeahanln@technorati.com,Nigeria,1961-03-28T08:02:45Z
781,agwylltlo,dPFEtzp,cballlo@blog.com,United States,1951-12-09T11:16:45Z
782,gortaslp,BfMkeCi,jallinsonlp@blogspot.com,Western Sahara,1924-09-03T11:48:53Z
783,awhitmarshlq,gMKK8XN6di1F,cbessomlq@cbsnews.com,Venezuela,1975-12-21T13:37:09Z
784,cmarrablelr,DXbBX7f,mkeeslr@hostgator.com,South Africa,1973-08-04T08:09:10Z
785,cpitthamls,WrL8pKTepyh,zmarryattls@gov.uk,Argentina,1926-11-06T17:41:44Z
786,drichterlt,8S4tHU,gschirachlt@linkedin.com,Czech Republic,2002-01-23T04:08:29Z
787,klyallu,BNz3JpL25,rliptrotlu@redcross.org,Argentina,1976-03-08T09:10:25Z
788,gnernlv,w3bvvj,dkassidylv@mtv.com,China,1964-07-31T22:43:49Z
789,vdupeylw,4EbKR0nzS1,kmcnealw@bloomberg.com,France,1997-10-04T02:22:31Z
790,rwoodheadlx,J0lyyeOA9uoA,astretelx@upenn.edu,Canada,2013-07-17T20:58:03Z
791,kelcoatly,J9gclnPqmxAe,jventrisly@sourceforge.net,Japan,1950-12-19T04:04:18Z
792,kdarmodylz,YRlL4Veylf,rivankovlz@cisco.com,Poland,1967-08-07T14:16:23Z
793,lstiegarm0,pEed0XdGZU,zburdikinm0@naver.com,Thailand,1987-04-23T00:06:57Z
794,cmouldenm1,h8Gf0Cn7,apieraccim1@constantcontact.com,Macedonia,1943-10-12T17:43:56Z
795,cfourmanm2,qn8UFn3B1TSe,kcatherinem2@hubpages.com,United States,2022-10-18T05:56:35Z
796,gyashanovm3,6gthph9,osneadm3@skyrock.com,China,1956-04-24T19:53:06Z
797,agledhillm4,CteCoBAdlC,khastinm4@spotify.com,Philippines,1952-04-10T23:12:44Z
798,cspurdensm5,udfv9ZX02I,bsimoneaum5@mysql.com,Indonesia,1980-06-30T16:27:04Z
799,aannattm6,OL7BVD6W,rtuveym6@canalblog.com,Ukraine,2004-11-25T07:57:49Z
800,tfablerm7,P1vIWjJOHnh8,cferenczim7@discuz.net,Russia,2013-02-08T11:46:27Z
801,bdriuzzim8,geVjvE,bsenecautm8@cargocollective.com,France,2016-12-04T11:59:28Z
802,eculmerm9,EnR5wW,omorlonm9@abc.net.au,Czech Republic,1970-01-10T09:04:22Z
803,vsibrayma,5jd6V7WSsle1,cpurdonma@nhs.uk,Indonesia,2010-08-01T11:42:58Z
804,jmaccrossanmb,Giw8r7t8,rsunockmb@ft.com,China,1996-01-08T03:34:47Z
805,cgargettmc,i26bXgi,kmcilraithmc@google.it,Serbia,2016-03-16T09:55:52Z
806,swilflingermd,nrQnh9hBs,lkinchinmd@yahoo.co.jp,Serbia,1937-08-01T00:04:38Z
807,hbryettme,2o2d1a5YxT1,hmcmenaminme@blogs.com,China,2022-03-13T05:15:53Z
808,fopdenortmf,yyMH5O7,bbanthammf@ow.ly,Venezuela,1963-11-13T06:25:40Z
809,gbreffitmg,lelqEAvJC4Z,xsaullmg@meetup.com,Ukraine,2002-08-27T21:12:17Z
810,cmurramh,X4ngDC,kpittemmh@eventbrite.com,Russia,2011-02-18T02:18:28Z
811,gbalkmi,ljxLLYKX66,nmitchesonmi@exblog.jp,China,1985-12-20T13:47:31Z
812,jbonassmj,FmirOnMDj,mheelismj@shutterfly.com,Indonesia,2022-11-08T05:51:50Z
813,reldridgemk,WaYEcknh,ftilbeymk@goo.gl,Indonesia,1999-06-27T21:06:11Z
814,jlandonml,cn20Z40w,abibbyml@washington.edu,Argentina,1933-12-28T04:09:41Z
815,okynetonmm,mcAIstG469x,pscholigmm@answers.com,Malaysia,1969-03-09T02:10:09Z
816,gsaigermn,qS7dn5QG,nahrenmn@slate.com,Indonesia,2013-05-01T04:21:58Z
817,kbirtonshawmo,ZcEsH4Z,wpailinmo@hugedomains.com,Portugal,1944-01-05T02:08:07Z
818,kpetriellomp,UOdpIyZ1UvAJ,esturgismp@rambler.ru,Finland,1987-04-03T17:33:00Z
819,dkarolczykmq,IBrII3xEB,chanstermq@ucsd.edu,Mexico,1969-03-26T13:48:16Z
820,tborrottmr,Vp3Nh6p,awhorlowmr@nydailynews.com,Colombia,1967-12-01T18:24:58Z
821,miglesiasms,F4dGkQn9y,flyokhinms@edublogs.org,Indonesia,1955-09-22T07:03:36Z
822,fgreenlandmt,8uBn0hh,hquinmt@icq.com,Sweden,1953-05-13T01:31:38Z
823,saltimasmu,9t9mmmzgRC,nandriolettimu@bloglines.com,Morocco,1943-09-24T13:14:03Z
824,nsuttlemv,82ftUqkKSVW,vsoamemv@comsenz.com,China,1996-10-21T16:38:36Z
825,dchrippesmw,nxgvQV2,pmillsapmw@wordpress.com,China,1958-12-21T00:32:30Z
826,zcarnockmx,FzpwNzTDVtLm,mgreenemx@mapy.cz,Poland,1970-02-02T07:05:05Z
827,eflageulmy,beWdOCbKzd,aconaghymy@newsvine.com,Russia,1987-06-28T18:21:54Z
828,alaversmz,HnCLw3,aboddismz@list-manage.com,United Kingdom,1922-10-27T14:31:05Z
829,stumilsonn0,mrCm0RQeh7u,erivalandn0@google.com,Portugal,1984-06-05T06:07:53Z
830,kshireffn1,YDRoo0T,hissitn1@japanpost.jp,Tanzania,1929-11-24T11:03:18Z
831,mfreann2,RSXi1d,hmechelln2@netlog.com,Dominican Republic,2004-10-03T18:07:53Z
832,rmuslimn3,CTZ1xH4ipK,jcuffen3@theglobeandmail.com,Indonesia,1938-06-19T10:50:20Z
833,asoppitn4,B4M6M1m2,sdurbann4@netscape.com,Netherlands,1998-05-13T08:05:16Z
834,gtaffreyn5,bncqq5oi,hsousan5@auda.org.au,China,1932-09-16T23:26:03Z
835,rcoulsonn6,hWT0MOoRtg,gfarnien6@hugedomains.com,Portugal,1944-12-21T04:16:35Z
836,hstarbuckn7,PixGlXgKg7o,mgallafantn7@blog.com,Nigeria,2022-11-06T11:42:41Z
837,vlambrechtsn8,N1IWLN,cfashionn8@networksolutions.com,Indonesia,1955-05-04T15:08:45Z
838,cpiggotn9,OmLf1U2KX,mlownien9@netscape.com,Portugal,1989-08-14T00:54:29Z
839,amatyna,6VCFaXYG,mtaplinna@rakuten.co.jp,South Africa,1985-08-25T10:47:17Z
840,rbenboughnb,JIY1jLw,dblankenshipnb@t.co,Philippines,1932-05-23T08:44:27Z
841,ehovelnc,v5PdLVEDeGu,yeddisforthnc@discovery.com,Russia,1984-04-02T14:22:10Z
842,rclemmittnd,ZPHGM2Kl,vgherardellind@youku.com,Peru,2002-12-26T15:27:48Z
843,fdustingne,cJVFbAGRjb,brobbertsne@surveymonkey.com,Argentina,1986-04-16T07:49:40Z
844,rgarsidenf,OCxy92jZ,bfleischernf@smh.com.au,Indonesia,1933-02-21T17:42:33Z
845,fdespenserng,odpaXa8S,dknudsenng@msu.edu,China,1941-05-16T19:04:26Z
846,vdelislenh,HFuC04XunWK,acromblehomenh@tuttocitta.it,Brazil,1946-12-13T04:51:02Z
847,molrenshawni,0xsJ31,tlouedeyni@nasa.gov,Chile,1971-03-31T06:01:40Z
848,lstandringnj,0313DFd,btrowlernj@posterous.com,Philippines,1972-06-15T04:13:42Z
849,srobotthamnk,F8qqI6j,polnernk@trellian.com,Malaysia,1999-07-12T07:59:17Z
850,cschneidarnl,3Z5adm,lcolchettnl@ow.ly,Peru,1993-02-20T11:44:25Z
851,mvasyukovnm,1rel9B9cu3,zlefeuvrenm@nyu.edu,Philippines,1985-06-23T16:38:17Z
852,cmatzkenn,rwhEaCF95Gud,lattrienn@msn.com,Finland,1943-02-21T18:27:06Z
853,fskoofno,3JBTg7,adanilovicno@home.pl,Russia,1986-04-01T07:05:55Z
854,emeadowsnp,UICSkUm,cmartinovskynp@biblegateway.com,Brazil,1924-12-22T11:19:10Z
855,jhaselgrovenq,7SJJaEBQ2,eenderbynq@economist.com,Uruguay,1937-01-16T09:07:38Z
856,jvenournr,gMDDrzDEb7,tjarnellnr@acquirethisname.com,Thailand,1954-07-17T10:31:53Z
857,krosenhausns,Y4gI0eXnCuig,fbriskeyns@microsoft.com,Indonesia,1959-12-22T14:12:20Z
858,mtabordnt,5UqVtU5UW6,ewhyardnt@theatlantic.com,China,2012-08-22T19:46:57Z
859,tsoutarnu,Ev7ydzCTdDMo,emcvittynu@nationalgeographic.com,Philippines,1964-02-11T16:57:38Z
860,dcarbinnv,DwzF97ZQ4,skelchernv@whitehouse.gov,Philippines,1990-05-23T02:41:33Z
861,mbrokenshawnw,dsNOJMg0y,efotheringhamnw@wikia.com,China,2015-09-09T18:10:43Z
862,tdyballnx,7eAfBXabK,kmanterfieldnx@europa.eu,South Africa,1930-11-15T06:06:26Z
863,wglisaneny,GH9r0KeA,dfittonny@columbia.edu,Indonesia,1983-08-11T21:11:33Z
864,npuddannz,ctlBbKhqme,shazlehurstnz@dailymotion.com,Indonesia,1946-12-17T13:51:40Z
865,npenaso0,0wIsif270F3p,bcalwayo0@gnu.org,Germany,1967-02-16T12:41:39Z
866,cwinghamo1,VXHJIDyGVE,dclaceo1@buzzfeed.com,Russia,1959-06-02T07:03:17Z
867,kvardono2,IrSeKr,wvedntyevo2@wired.com,Russia,1962-06-19T18:46:40Z
868,jnoseworthyo3,KE5YUdyw,wsmulleno3@arstechnica.com,Spain,1938-09-11T22:46:09Z
869,ithackrayo4,iR0OxT,eearleso4@wikimedia.org,Indonesia,2019-04-14T08:01:58Z
870,mbollandso5,9ib9s1IsDjt,krosengarteno5@netvibes.com,France,1929-07-03T18:41:39Z
871,tjopsono6,pfw0ndP,mileyo6@linkedin.com,United States,1960-03-06T09:20:19Z
872,gantoniewskio7,uG9IFPr,amckewo7@t-online.de,Serbia,1931-07-30T12:03:48Z
873,wtolemacheo8,IeQQX6,rpauleo8@walmart.com,Iceland,1994-02-05T02:08:19Z
874,pgoodingso9,ibYWMKUZh,aartzo9@rakuten.co.jp,Russia,1977-05-26T05:50:59Z
875,lnuemannoa,0VmXMpdX2Y,pgiacomooa@nasa.gov,China,2004-01-31T10:54:36Z
876,marendtob,pH17ClLLC,eblabyob@cocolog-nifty.com,Indonesia,1982-09-15T06:53:42Z
877,jfineoc,Bs0WkgwF9wY,rlillyoc@163.com,China,1956-10-16T12:01:11Z
878,tdykaod,WbyxMul,rballanceod@craigslist.org,Russia,1925-03-23T19:28:39Z
879,msiberryoe,gbQZ2ShSk,eorwinoe@army.mil,Cuba,1938-02-08T18:45:42Z
880,thaycockof,MleSTc,tchislettof@alibaba.com,Portugal,1927-03-17T07:41:39Z
881,mcardosoog,Z3wWUHRWqU,dsavageog@unicef.org,Serbia,1950-07-08T11:09:19Z
882,dcuffleyoh,p9cHrXN4,lmuddleoh@wikimedia.org,China,2005-04-15T23:56:46Z
883,fmcraeoi,ksQYFRgJS7,bmcgrottyoi@aboutads.info,China,1989-06-10T08:19:29Z
884,jogdenoj,8TO4i8wjPg,dscoylesoj@europa.eu,Indonesia,1992-10-21T20:19:55Z
885,tsparsholtok,NlspY5m,gmortellok@vinaora.com,Vietnam,1966-12-05T08:22:46Z
886,hcurrieol,tUltwzW,dwonhamol@stumbleupon.com,Brazil,2007-01-05T08:18:26Z
887,pcasacchiaom,xu1tNZS8,vhallom@wordpress.org,China,1938-12-17T14:20:39Z
888,jpfeffleon,hgbbrj,imacfadzanon@mozilla.com,China,1926-02-21T02:59:23Z
889,dmulhollandoo,DcyjonmuB39,gnewloveoo@newyorker.com,France,1939-05-27T19:14:24Z
890,jfursseop,F4ucxpxn,djessettop@disqus.com,Poland,1934-06-04T01:55:09Z
891,mgemeauoq,oAUbYi1Id,njaramoq@businessinsider.com,Bolivia,2008-04-11T05:47:44Z
892,niredellor,lPjLqymrr2Mz,inowaczykor@nyu.edu,Japan,2022-08-05T07:45:37Z
893,pmcgoonos,h8toJFsOB,hofficeros@wikispaces.com,China,2012-01-03T04:13:05Z
894,jcrosbyot,HxiEH5YdR,djeffordot@sciencedaily.com,Chad,2012-10-27T02:10:06Z
895,jgossipinou,s1SopskM,msollasou@webnode.com,South Africa,1943-11-03T10:39:42Z
896,rdoultonov,zsG11JJ,cfellosov@ebay.co.uk,Nigeria,1945-05-17T22:00:43Z
897,dpreciousow,BWJOJ74K2tCP,cpinchingow@live.com,Estonia,1998-08-20T01:47:05Z
898,ojandacox,cFRX8duZ,phospitalox@adobe.com,Poland,1980-07-08T15:49:25Z
899,vkleiseloy,osvHBnNV,ekaufmanoy@irs.gov,Argentina,1950-03-25T00:14:52Z
900,wedmeadsoz,F1toxxvv4,ndunbletonoz@cisco.com,Peru,1967-09-28T00:57:00Z
901,llinnettp0,IaheMtXzUTT,ppoulsump0@t.co,Greece,1929-03-07T19:01:22Z
902,ybrethertonp1,t6tW5Iumjuc0,mgoutcherp1@nyu.edu,China,2021-08-30T06:40:14Z
903,fjanssenp2,Ey7FA4RY,lboutellierp2@purevolume.com,China,2011-12-30T03:23:10Z
904,gwhitakerp3,iQdQsZmF,jlevenep3@indiatimes.com,Brazil,1923-07-12T23:53:49Z
905,cfalconbridgep4,OMY9teZAm,fdollenp4@webs.com,Canada,1925-05-02T23:47:08Z
906,sastlep5,NzgZBI,fmatthiasp5@arstechnica.com,Finland,1949-04-17T03:16:48Z
907,cblunep6,rIseCC2nw2kC,dsconesp6@google.cn,China,1964-03-23T04:46:35Z
908,kduxbarryp7,RQbB8h,ncrecyp7@exblog.jp,Botswana,2006-11-18T15:50:20Z
909,dstackp8,nhMwI0F,phunnisettp8@360.cn,Macedonia,1999-06-05T17:54:45Z
910,hfehnersp9,1PIZiCnG,mbasekp9@guardian.co.uk,Kazakhstan,1947-06-10T20:47:34Z
911,hdethloffpa,QVOenipf,ibyrepa@goo.ne.jp,Brazil,1991-07-07T17:36:11Z
912,millingworthpb,rlNqGnj42rYy,cloveladypb@gov.uk,China,1988-07-24T16:17:04Z
913,fgraviepc,WtohDUQp,cocarranpc@altervista.org,Philippines,1954-04-03T20:17:19Z
914,mpapespd,EckUI4FHg,dbucknerpd@flickr.com,Brazil,1967-09-15T02:46:19Z
915,mtezurepe,X417kTplxRI,mleimsterpe@sciencedirect.com,Indonesia,1992-02-21T18:37:54Z
916,oabramamovhpf,mBAu8IM,dlogsdalepf@t-online.de,Yemen,2015-07-10T01:22:16Z
917,cbrimnerpg,uyehvsD,shaydnpg@jimdo.com,China,1957-09-30T19:00:09Z
918,crolyph,A4BxrO6,sieldenph@admin.ch,Iran,1997-02-11T09:41:48Z
919,wtennypi,zmyWEB,rprobatepi@noaa.gov,China,2002-02-15T22:54:17Z
920,ngierekpj,HFrfD7ZPPF4,lmorandopj@discovery.com,Brazil,1931-09-12T04:31:55Z
921,fheismanpk,gSUakbn7CBJN,dfayerpk@adobe.com,Brazil,1938-06-16T08:18:34Z
922,kchapellepl,3Ok2RbGc,smckelveypl@google.com.au,Honduras,1955-11-12T20:55:35Z
923,sboerderpm,IfxJ1l22OjnK,elatuspm@hubpages.com,Argentina,2001-09-17T13:55:52Z
924,tphonixpn,xuz8TX,snellpn@gravatar.com,China,2009-04-25T15:04:37Z
925,treguspo,TVbHJcz,mlalorpo@hhs.gov,Tunisia,1975-02-09T16:51:54Z
926,ckapiloffpp,OrfTZdMH,mnutteypp@ftc.gov,Bangladesh,1936-09-25T07:01:30Z
927,mhrinishinpq,SFWVZZzd3Md0,skennpq@samsung.com,China,1952-07-15T04:31:19Z
928,uhabbershonpr,PV11J3enH,jdigmanpr@google.com,Czech Republic,1955-08-13T05:25:55Z
929,bgebbieps,7R2mIb,abillingsleyps@wufoo.com,Belarus,1947-06-01T08:59:33Z
930,tclementsonpt,G8AtVwGM,lkelshawpt@npr.org,Indonesia,1976-12-16T19:05:52Z
931,esheehypu,ouQskzF,cnorthwoodpu@topsy.com,China,1929-04-27T02:17:14Z
932,dfroschauerpv,78OTsy5,ameneuxpv@tripod.com,Azerbaijan,2011-02-26T15:08:06Z
933,ecapenerpw,2IKeLD1rJ4L8,nbarbosapw@ebay.co.uk,Indonesia,1939-12-21T16:23:50Z
934,afranklandpx,Y1raRJ8a,gmadderspx@omniture.com,China,2008-12-07T23:41:09Z
935,rjesperpy,1gIycnNaVA,ggresleypy@wiley.com,Philippines,1992-02-20T13:45:33Z
936,mcolvinpz,Hpdr2efq46,epeterpz@sbwire.com,France,1951-10-23T19:15:16Z
937,wadessq0,M0JadgWGYQi,pdeavenellq0@nyu.edu,China,1998-06-27T17:57:06Z
938,chaddintonq1,NZR2ra,dbockmanq1@e-recht24.de,China,1938-05-22T10:50:59Z
939,abullivantq2,vtjhqjq,aburganeq2@storify.com,Indonesia,1925-07-26T01:23:02Z
940,ajanasq3,etD0Uv,nlanbertoniq3@amazon.de,China,1946-03-29T01:41:56Z
941,dmulderq4,8OYOmKbOQaD,bscobleq4@youtu.be,Sweden,1968-11-05T01:56:36Z
942,chubaneq5,tJJhfP0z,veadonq5@apache.org,Honduras,1922-06-25T12:46:33Z
943,gjanningsq6,qEkzY7a78E,dgrenkovq6@nydailynews.com,Russia,2015-08-06T22:31:18Z
944,afredianiq7,rGPp5BRiMR0,ccharerq7@ovh.net,Portugal,1991-10-29T17:29:34Z
945,rbalassaq8,i3TOewHPOZX,mprembleq8@answers.com,Indonesia,1947-01-04T01:28:34Z
946,cflanaganq9,nlMmoTtxBL6,jyexleyq9@wiley.com,Poland,1955-10-19T00:59:12Z
947,sdanilovicqa,JmFNURIm,kdionisettoqa@wired.com,Philippines,1980-06-16T19:52:32Z
948,akingswellqb,IIFn5um,gbarnfieldqb@merriam-webster.com,Ethiopia,2016-02-11T04:48:36Z
949,mrosedaleqc,0ilduVSzd,rchernqc@senate.gov,China,2011-08-18T08:26:34Z
950,tohowbaneqd,XTiiaXA,lpentonyqd@ezinearticles.com,Albania,1956-04-18T09:04:38Z
951,cprichardqe,8h12jO2,eswadlingeqe@facebook.com,Central African Republic,1969-05-02T22:37:33Z
952,astraunqf,5CJZZp1g9p,wkayeqf@spiegel.de,Poland,1950-05-30T03:47:58Z
953,aclaussenqg,N9C5a5J3Jo,lbelhommeqg@ox.ac.uk,Honduras,1953-11-21T20:07:08Z
954,ztreverqh,ySx72NjD,tlohdenqh@technorati.com,Philippines,1977-09-07T06:34:31Z
955,pdmtrovicqi,qn6Y66XGwp,fnutleyqi@seesaa.net,China,1922-03-23T06:18:04Z
956,tportigallqj,Z8zfhtoUi,dstephensonqj@godaddy.com,Greece,2018-10-16T04:24:26Z
957,sfinlayqk,vXqYbbtnpV,eshiersqk@gmpg.org,Thailand,2019-10-16T15:46:15Z
958,vperringql,41yaqLT,egodmerql@alibaba.com,China,2004-03-29T17:16:08Z
959,igasnollqm,kTg83nM1fAk7,lsturteqm@hugedomains.com,Netherlands,1934-11-05T09:16:48Z
960,gmacquireqn,EaYdMVFQyk,bwindeattqn@fastcompany.com,Turkmenistan,1922-11-30T06:28:48Z
961,cbarberqo,Zbn1TYFjxB,kchilcotteqo@china.com.cn,Norway,1964-02-27T20:49:16Z
962,bmctrustramqp,fFTxgi7,dgoslandqp@bbb.org,United States,2003-02-07T03:08:12Z
963,mlatusqq,8FboT3L,ilastyqq@toplist.cz,Indonesia,1933-06-23T15:33:08Z
964,hczadlaqr,NVVWLzEf,mjiggleqr@geocities.jp,Honduras,1928-08-10T01:44:52Z
965,kgoslingqs,Xad5h7Pd,qroomesqs@mlb.com,Argentina,1972-06-07T05:01:51Z
966,flampetqt,K2U2jFBfaz69,dgrevesonqt@photobucket.com,China,1970-03-19T14:13:46Z
967,cgressqu,vvQbzNyFRZx,amacveighqu@edublogs.org,China,1964-04-20T18:44:04Z
968,aanfreyqv,p9V5zX,ecrackerqv@drupal.org,Vietnam,2009-02-28T10:00:25Z
969,rmaskellqw,KkCuAUC,rmcsheaqw@wp.com,Poland,2010-08-11T12:49:18Z
970,lreaperqx,nYLRhdwIHP,rvankeevqx@clickbank.net,Tanzania,1926-03-24T02:25:45Z
971,wdickonqy,LjuVbC2yh,rdeamayaqy@homestead.com,China,2021-02-22T03:28:55Z
972,cwhitearqz,qhzepRlX,bhannonqz@statcounter.com,Bangladesh,1924-03-25T02:30:01Z
973,tdiversr0,VNqcoOI21Z,jdinapolir0@cornell.edu,Canada,1972-02-17T18:42:39Z
974,ohaughr1,F44JLXghjlkO,kdukesburyr1@instagram.com,Indonesia,1942-07-08T12:18:32Z
975,strevarthenr2,2NpGasziVi,cbutcherr2@usda.gov,China,1948-11-16T15:19:12Z
976,kaberdeenr3,xoiF3wU2ab,kdidomenicor3@bbc.co.uk,Mexico,1943-04-27T16:00:00Z
977,mexallr4,NcwNqB,gdreherr4@privacy.gov.au,Philippines,1976-01-17T17:16:18Z
978,gwinklessr5,n0jEHUz,abuesnelr5@nymag.com,Indonesia,1998-08-17T14:32:07Z
979,mbercherr6,FB8UN9qudAM1,dbashamr6@de.vu,China,1948-08-22T10:52:29Z
980,tcymperr7,JCqMsAF0FIc,hdonisthorper7@quantcast.com,Ukraine,2010-10-02T06:03:36Z
981,bdoggartr8,ZdRNfJ,mbendtsenr8@over-blog.com,Portugal,1991-08-13T11:27:30Z
982,keastmentr9,uO3CjEQf,acroner9@theatlantic.com,China,1981-06-07T14:24:31Z
983,dpeinkera,PCwQS2ll8,gjoslynra@eventbrite.com,China,2019-03-13T08:26:33Z
984,afrillrb,CfFEUF,jwilberrb@census.gov,Bosnia and Herzegovina,1932-07-15T15:12:53Z
985,ksamudiorc,eMNFlYbrb3n,nrichmontrc@vimeo.com,Comoros,1957-12-24T21:08:34Z
986,docalleranrd,rUtgWOXFgp,avequerd@shutterfly.com,France,2015-02-22T09:04:06Z
987,mdainesre,cX5ghzi,gperingre@apache.org,Colombia,1969-04-07T06:34:30Z
988,dbeddardrf,LPBVrP,pcolcombrf@hc360.com,China,1937-07-12T02:41:00Z
989,nherrerosrg,kWgbuDQSCS,taldousrg@google.pl,France,1960-04-16T11:25:03Z
990,srushfordrh,FsSLfeaHFwwh,nrawsenrh@nih.gov,South Africa,1939-10-15T07:14:34Z
991,sallwardri,tQEGd11,ebrollyri@free.fr,France,2015-03-08T04:21:30Z
992,mspadeckrj,UHSUfA0,scalderorj@walmart.com,Philippines,1998-03-04T02:09:53Z
993,ghawsonrk,XFUYUD,brawlesrk@yahoo.com,Pakistan,1988-10-16T19:13:11Z
994,hdonanrl,HDjPR96uZ,jnoddlerl@bizjournals.com,China,1941-10-31T01:31:07Z
995,cgiorgettirm,B95VB4IO,pderricoatrm@imageshack.us,Egypt,1993-09-08T06:07:54Z
996,dneisingrn,y1qqfbzF7PU,lpendrern@scientificamerican.com,Ireland,1939-01-08T15:03:25Z
997,amcilwreathro,DoHOF3T,nsimondsonro@senate.gov,Norway,1932-06-14T11:53:11Z
998,smesserrp,poC5Iu9t9swL,hludlowrp@free.fr,Poland,1962-03-16T15:47:37Z
999,tstonehouserq,e6SdUgND,okachelrq@adobe.com,Indonesia,1984-01-30T05:44:53Z
1000,cshirtclifferr,HJ3B1J1,tpottingerrr@smugmug.com,Philippines,1934-04-12T10:07:35Z
